x0,y0,flux,hlr,e1,e2
1.9695489460127045,1.0087157098541328,100.88107439619293,0.99197941428399061,0.45243016361242394,0.28860765026292445
