x0,y0,flux,hlr,e1,e2
2.025993218675195,0.99506923960113669,94.244318368142572,0.96091411200140198,0.51767783986765137,0.30024158351305519
