x0,y0,flux,hlr,e1,e2
1.9874691808556768,1.0297904813751351,95.17545808578285,0.96986121388226421,0.48682979072995947,0.34620261334190738
