x0,y0,flux,hlr,e1,e2
2.0176755958235089,1.0148775924845335,101.3998863907988,1.0121650259811585,0.50024896676945874,0.28746627612021791
