x0,y0,flux,hlr,e1,e2
1.9642891931611877,0.99986783634624754,100.09701380171273,1.0128034485129835,0.48336808456640967,0.31733496541273332
