e1_stderr,e2_value,e1_value,x0_value,y0_value,gal_sigma_value,e2_stderr,gal_flux_value,y0_stderr,gal_flux_stderr,gal_sigma_stderr,x0_stderr
0.0224251907970228,-0.50715819795475026,0.52658128889970701,2.0787788126615019,1.9137102366611518,3.1323996848952484,0.021719473033988128,103.91185117224511,0.06031845145426605,2.5685770926161928,0.061863924078053273,0.1143724417765298
0.022630528006151729,-0.51079530796966632,0.4834851014339121,1.9266966719936254,2.0576873886188145,2.9532754099471816,0.021467963100225765,97.555041283331576,0.055461877980731725,2.1983654458595745,0.05462130426512115,0.095845094486278246
