hlr_1,e2_1,x0_1,flux_1,e1_1,y0_1
1.0021780783830558,-0.26014265614594184,1.0460310850613066,99.427067161810527,0.42546026861939157,-1.0105027789871799
