hlr_1,e2_1,x0_1,flux_1,e1_1,y0_1
0.99958786944099431,-0.32190447989303472,0.97747024881699129,97.822500649099084,0.37719907327501767,-1.0080599416379563
