hlr_1,e2_1,x0_1,flux_1,e1_1,y0_1
0.97188371579692845,-0.35207115540020617,1.0152325762479482,96.58986851763629,0.42402266356987095,-0.98180176305311928
