hlr_1,e2_1,x0_1,flux_1,e1_1,y0_1
0.9881063329146984,-0.32410041359966058,0.97819354616025134,98.467074550103476,0.41431700027858098,-0.97636677231673152
