hlr_1,e2_1,x0_1,flux_1,e1_1,y0_1
1.0198190940582821,-0.33635608405240658,0.97862031719961351,100.79603857014102,0.36179818153882781,-0.9777560712017439
