hlr_1,e2_1,x0_1,flux_1,e1_1,y0_1
1.0073128967252489,-0.28322726112254282,1.0172866489057837,98.393691934906769,0.37777196252140599,-1.0100463973038227
