hlr_1,e2_1,x0_1,flux_1,e1_1,y0_1
1.0260421166332829,-0.29898718058850315,0.98837472373278334,104.34859992770856,0.34796442544711392,-1.0137924557390487
