hlr_1,e2_1,x0_1,flux_1,e1_1,y0_1
1.013312715726733,-0.28978147409526672,1.018945096646001,101.16394956240266,0.39441203054178553,-1.0128936961549329
