hlr_1,e2_1,x0_1,flux_1,e1_1,y0_1
1.0238619511062788,-0.30656895948894675,1.0599308779488359,100.7028864767245,0.39910619337836595,-0.98004911507531656
