hlr_1,e2_1,x0_1,flux_1,e1_1,y0_1
0.97011496772622841,-0.3096724646496482,1.0456663756791658,99.834703127575096,0.50548412451548241,-0.97338939338482522
