hlr_1,e2_1,x0_1,flux_1,e1_1,y0_1
0.98092336424542403,-0.2522616108339939,0.99042835098765103,98.437957498287389,0.37145965285956106,-1.0121015586216986
