hlr_1,e2_1,x0_1,flux_1,e1_1,y0_1
1.0070710933318701,-0.30055695005813765,0.99662394559582612,101.15062822512765,0.38360446689287087,-0.99622715323687805
