hlr_1,e2_1,x0_1,flux_1,e1_1,y0_1
0.9919388662147206,-0.30845314150105213,0.98509027733658705,98.913449101775143,0.4064996039366704,-0.98930529476619888
