hlr_1,e2_1,x0_1,flux_1,e1_1,y0_1
0.97728079527868639,-0.30808197584889208,0.97168868351081183,97.047205451098137,0.40822558420174238,-1.0095201178523103
