hlr_1,e2_1,x0_1,flux_1,e1_1,y0_1
1.0069370973771634,-0.28294445041712385,1.0229389796195045,99.263576961284869,0.45216218437219546,-1.0245019868980152
