hlr_1,e2_1,x0_1,flux_1,e1_1,y0_1
1.0069322555778251,-0.3277909069477255,1.0138695235687285,100.03421255113263,0.40830656134332077,-0.97570961276031998
