hlr_1,e2_1,x0_1,flux_1,e1_1,y0_1
1.0074148945126971,-0.3453713981489856,1.0058156831213401,101.44872535336197,0.46440812367616791,-0.98963755992863289
