hlr_1,e2_1,x0_1,flux_1,e1_1,y0_1
1.0086661694619821,-0.28031311297266265,0.99825055752315883,100.02215163734354,0.44684783402963313,-1.0062243140346467
