hlr_1,e2_1,x0_1,flux_1,e1_1,y0_1
0.98902528768126952,-0.32578429078213289,1.0037888199779932,98.3153419066618,0.36130633916234234,-1.0046038070845338
