hlr_1,e2_1,x0_1,flux_1,e1_1,y0_1
0.97525028149196702,-0.26156069170773766,0.98573200911534986,96.897184777327155,0.42946290633901962,-0.98554683413677635
