hlr_1,e2_1,x0_1,flux_1,e1_1,y0_1
1.0114749866552617,-0.31391168250950008,1.0273822195598266,102.59778422165896,0.39921169256982481,-1.0090753320296724
