hlr_1,e2_1,x0_1,flux_1,e1_1,y0_1
0.97839146487150108,-0.28822779354645933,1.0237836739191826,99.98292918667893,0.39578605422571811,-0.99768007440521433
