hlr_1,e2_1,x0_1,flux_1,e1_1,y0_1
0.98901509737290727,-0.30290091646374434,1.0163664571884974,95.574778902729193,0.39297640251248755,-0.99645703606885228
