hlr_1,e2_1,x0_1,flux_1,e1_1,y0_1
1.0066914177016573,-0.35839091827254244,1.0074290695166548,101.13658524594905,0.39187025858895597,-0.99645544319100177
