hlr_1,e2_1,x0_1,flux_1,e1_1,y0_1
0.9993658344881069,-0.26466741646839093,0.99955635504683027,99.048179140079,0.38162946838454581,-0.98858722014519884
