hlr_1,e2_1,x0_1,flux_1,e1_1,y0_1
1.000269734514724,-0.24279756331776925,0.99727729234664242,103.36628772630111,0.45424927171548224,-0.9916607272303497
