hlr_1,e2_1,x0_1,flux_1,e1_1,y0_1
0.99569014011632762,-0.33227412543206863,0.99228865339753103,99.341314285360724,0.4393528741328967,-1.0023472596836509
