hlr_1,e2_1,x0_1,flux_1,e1_1,y0_1
0.98367662494510699,-0.35863898232818697,0.98947217873676241,99.490961713892375,0.39838257647055531,-1.0213890458673114
