hlr_1,e2_1,x0_1,flux_1,e1_1,y0_1
0.99396372462716798,-0.3447230384799912,0.97837844763094939,101.12541948693644,0.35769982928328048,-0.97189472611819738
