hlr_1,e2_1,x0_1,flux_1,e1_1,y0_1
0.99372747458443711,-0.37597348941728453,1.0393586342647021,101.51764076599049,0.39904533328168279,-1.0208157531315543
