hlr_1,e2_1,x0_1,flux_1,e1_1,y0_1
0.97281465069463424,-0.31672344463343421,1.0170223314423419,100.07292730380237,0.39897195173595223,-0.9913967092933218
