hlr_1,e2_1,x0_1,flux_1,e1_1,y0_1
1.0465447843369611,-0.3820363392104475,0.99862611287420844,103.70562990873351,0.35875376885187871,-1.0134632576664662
