hlr_1,e2_1,x0_1,flux_1,e1_1,y0_1
0.98750390711116642,-0.29190397416413755,0.99845340006832117,100.09613863766519,0.44694553737130627,-0.98976908863498592
