hlr_1,e2_1,x0_1,flux_1,e1_1,y0_1
0.9817150686153997,-0.28804026319012982,1.0606823620079791,97.602200214806885,0.42966480842387456,-1.0134202991125281
