hlr_1,e2_1,x0_1,flux_1,e1_1,y0_1
1.0244876971174968,-0.3014578801754586,0.94371714767439041,101.45302496544937,0.34694229230803875,-1.014291173028492
