hlr_1,e2_1,x0_1,flux_1,e1_1,y0_1
1.0306282148595587,-0.28050029451020131,1.0204617127278466,100.53934284929376,0.34600097778921213,-0.98277686789997842
