hlr_1,e2_1,x0_1,flux_1,e1_1,y0_1
0.99542733503437564,-0.29845045090757738,1.0452189613057223,101.91976798621263,0.50569581170325018,-1.0144197509836137
