hlr_1,e2_1,x0_1,flux_1,e1_1,y0_1
0.9994965031912928,-0.31606798087054028,0.98193248696683533,101.03943048712378,0.39917230681032279,-0.97595528187398095
