hlr_1,e2_1,x0_1,flux_1,e1_1,y0_1
1.0114052592274301,-0.28965501104518598,0.98761951727524622,100.26702656723603,0.39858386995812034,-0.97750674216627376
