hlr_1,e2_1,x0_1,flux_1,e1_1,y0_1
1.0220634565576652,-0.32138423695470675,0.99147135731292924,100.93729469036468,0.38335737437515838,-0.99909738290794436
