hlr_1,e2_1,x0_1,flux_1,e1_1,y0_1
1.0094057897344895,-0.25549671335740226,1.0377511533332981,100.69103125773896,0.5032874443583768,-1.0431991031220864
