hlr_1,e2_1,x0_1,flux_1,e1_1,y0_1
0.97475806047873204,-0.27296139203180281,0.97881289067660759,97.115700054639973,0.39926213902166952,-1.0117095876646145
