hlr_1,e2_1,x0_1,flux_1,e1_1,y0_1
0.98284952844457174,-0.37880219070278703,0.99361537374510878,97.057500028065974,0.37845913401018572,-0.96717026343982582
