hlr_1,e2_1,x0_1,flux_1,e1_1,y0_1
1.0022869684120681,-0.32303797160457631,0.99412226537518844,96.812733812336177,0.34591415672853443,-1.0010875919217996
