hlr_1,e2_1,x0_1,flux_1,e1_1,y0_1
0.96198423409104472,-0.30845095831259817,0.9920213246730496,97.741510702117196,0.40418499573093181,-1.0018142685489226
