hlr_1,e2_1,x0_1,flux_1,e1_1,y0_1
0.99635173372375863,-0.32283983445196207,0.94805446912046509,98.423186369622599,0.38068808368952056,-1.0222436841071794
