hlr_1,e2_1,x0_1,flux_1,e1_1,y0_1
1.0001580974355058,-0.28812480330501034,0.96781435862433352,102.88418968240562,0.45654736505234506,-0.99162946968511312
