hlr_1,e2_1,x0_1,flux_1,e1_1,y0_1
1.0163407598284517,-0.30861218412091079,1.0338472392879989,100.37010157204672,0.43240378394618495,-1.0121479882946431
