hlr_1,e2_1,x0_1,flux_1,e1_1,y0_1
1.0198469957257208,-0.30355844952822092,1.0006043625241112,101.72756091760833,0.40400228647544534,-1.0459994482168167
