hlr_1,e2_1,x0_1,flux_1,e1_1,y0_1
0.98084595753000503,-0.30877981025057771,0.99995061865280377,97.558077867268736,0.37388466709787771,-1.0140899885737977
