hlr_1,e2_1,x0_1,flux_1,e1_1,y0_1
1.0116508601708993,-0.38371257730535496,0.99684492987599604,100.5112959987428,0.41283241267292436,-0.9798976505425987
