hlr_1,e2_1,x0_1,flux_1,e1_1,y0_1
1.0164624504081488,-0.31261243897946128,0.98919739755272929,102.49615722192257,0.39406484466059344,-1.0030959402772437
