hlr_1,e2_1,x0_1,flux_1,e1_1,y0_1
0.96707519685429189,-0.34690222990888242,0.99686650879255545,99.671318454047579,0.41143583627179958,-0.99460567857981452
