hlr_1,e2_1,x0_1,flux_1,e1_1,y0_1
0.98292993270474849,-0.31441249887055267,0.99221568812902738,99.131915656797034,0.43176067756553405,-1.0307459016291709
