hlr_1,e2_1,x0_1,flux_1,e1_1,y0_1
1.0119612803393809,-0.27614804884623156,0.96818727677654781,103.20380263952299,0.4151954906187052,-0.98310924048713444
