hlr_1,e2_1,x0_1,flux_1,e1_1,y0_1
1.0020392383918244,-0.26142053961194645,0.9798627076977251,99.814518404443064,0.33100024583224763,-0.98963179417126357
