hlr_1,e2_1,x0_1,flux_1,e1_1,y0_1
1.0084349700228397,-0.2645723746855565,1.0024950378932589,99.730253149954038,0.46807469360559573,-1.0180016146729352
