hlr_1,e2_1,x0_1,flux_1,e1_1,y0_1
0.9990290432699731,-0.28531889274012984,0.98689610215456902,99.173767802574645,0.4299767951100737,-0.99449732318224626
