hlr_1,e2_1,x0_1,flux_1,e1_1,y0_1
0.98637691335946709,-0.31651289904845942,0.95186249008369384,100.29477854751555,0.39083518690411179,-0.97530917371612791
