hlr_1,e2_1,x0_1,flux_1,e1_1,y0_1
1.0154843388742369,-0.25916607294416777,1.027350351376846,101.82670974478521,0.3985786219035341,-1.0073551964099874
