hlr_1,e2_1,x0_1,flux_1,e1_1,y0_1
0.97584297992804792,-0.33315734538073866,1.0420618071254113,101.29535496725055,0.37831411095281853,-1.0067639298883799
