hlr_1,e2_1,x0_1,flux_1,e1_1,y0_1
1.0111810670203401,-0.289869725716489,1.0044511244036274,101.95576791207144,0.36926739105690731,-1.0008684041816616
