hlr_1,e2_1,x0_1,flux_1,e1_1,y0_1
1.0002285092313916,-0.26553009320724374,0.96925656761542989,99.542076631397023,0.38321786472057662,-0.96918190005197324
