hlr_1,e2_1,x0_1,flux_1,e1_1,y0_1
1.0173842384019252,-0.33341095867686066,1.0082419604975037,101.7200721964787,0.37062410447994631,-0.99580957388083746
