hlr_1,e2_1,x0_1,flux_1,e1_1,y0_1
1.004251684353513,-0.32713902097366249,0.98206264601735516,100.64767574610985,0.41596449409843039,-1.0260940971235279
