hlr_1,e2_1,x0_1,flux_1,e1_1,y0_1
1.0020528106704623,-0.22178461121475002,1.0244989256169941,98.196449762811966,0.44022615554245004,-0.99503015124323646
