hlr_1,e2_1,x0_1,flux_1,e1_1,y0_1
0.9769199227538865,-0.25735720079386648,0.98494890890058873,98.897404775456735,0.4249763384131704,-1.0077608088804331
