hlr_1,e2_1,x0_1,flux_1,e1_1,y0_1
0.97655877395501212,-0.26360881059884123,0.99840370485289931,94.746955109710726,0.37985949499238458,-1.0015703791607562
