hlr_1,e2_1,x0_1,flux_1,e1_1,y0_1
0.99464007685808009,-0.32062022169741,0.97940454150286183,101.11954440804827,0.38544437142450572,-1.0066107371943334
