hlr_1,e2_1,x0_1,flux_1,e1_1,y0_1
0.99482349721877816,-0.2844373174813366,1.0279227376822746,99.638627240529942,0.36372270837812626,-1.0067704859219715
