hlr_1,e2_1,x0_1,flux_1,e1_1,y0_1
1.0118038770140756,-0.30008489135830113,0.97463175948855518,101.21214600146261,0.36219890963865087,-0.9560307358543656
