hlr_1,e2_1,x0_1,flux_1,e1_1,y0_1
0.99250454171089464,-0.29958686011701247,0.99889821523825351,97.404258946933737,0.36240707453562693,-0.99599324683017443
