hlr_1,e2_1,x0_1,flux_1,e1_1,y0_1
0.97489824565475036,-0.27170361650589064,0.97532488230906278,97.252715629280274,0.42242060373170509,-1.0094474495770736
