hlr_1,e2_1,x0_1,flux_1,e1_1,y0_1
1.0056355013676654,-0.29798631080331311,1.0239869879157499,100.10557960996644,0.33559324979625771,-1.0172709317451081
