hlr_1,e2_1,x0_1,flux_1,e1_1,y0_1
1.0117155592235041,-0.30388686547185667,1.034169984450628,100.24895040995493,0.37152881604711196,-0.9900163403763691
