hlr_1,e2_1,x0_1,flux_1,e1_1,y0_1
0.98024872276882369,-0.27925496112719261,1.0163669734710004,99.457183518323291,0.39621505165358584,-1.0164826124828026
