hlr_1,e2_1,x0_1,flux_1,e1_1,y0_1
0.98511425828291288,-0.30936325925587993,1.0004683243275121,98.807934286576454,0.41093139743408025,-1.0153448828790581
