hlr_1,e2_1,x0_1,flux_1,e1_1,y0_1
0.98763941622525731,-0.30376043399146002,1.0220423436640917,97.298086931868312,0.3641966063153208,-0.99900883090252091
