hlr_1,e2_1,x0_1,flux_1,e1_1,y0_1
0.999353463471641,-0.29624946168969551,0.99979498284723345,99.567281248541107,0.40314219390066075,-0.97493709811603857
