hlr_1,e2_1,x0_1,flux_1,e1_1,y0_1
1.0373134620563484,-0.32292760621452865,1.0111729452775338,102.80759198209475,0.42466585866830253,-1.0113937658941246
