hlr_1,e2_1,x0_1,flux_1,e1_1,y0_1
0.99628360531029947,-0.26246221272764597,1.0343653923203746,98.32406429593351,0.50398885661189352,-0.99848112923801446
