hlr_1,e2_1,x0_1,flux_1,e1_1,y0_1
1.0130724452705397,-0.28176330999369326,0.99278918271279082,102.14739906801478,0.38201039222026201,-0.96052027294057485
