hlr_1,e2_1,x0_1,flux_1,e1_1,y0_1
0.97131949808066342,-0.3229750965753726,1.0383138365358127,100.14775490178648,0.43980994763124848,-1.0216209388002824
