hlr_1,e2_1,x0_1,flux_1,e1_1,y0_1
1.0007734647924562,-0.28754853965270633,0.99656602416892159,97.024150982674939,0.32579309033357529,-0.98437152440577647
