hlr_1,e2_1,x0_1,flux_1,e1_1,y0_1
1.0193291742594495,-0.24459516284227106,0.99222183782306317,100.71796116579402,0.44937247548163795,-1.0181050361113364
