hlr_1,e2_1,x0_1,flux_1,e1_1,y0_1
0.98326398429123829,-0.22302621964935881,1.0439897066744503,99.675325905960889,0.42762342849889268,-1.0119994041651696
