hlr_1,e2_1,x0_1,flux_1,e1_1,y0_1
0.97463252158858404,-0.30294399322040855,1.0010994061198302,96.676554994063665,0.41118675861095033,-1.0175765975200255
