hlr_1,e2_1,x0_1,flux_1,e1_1,y0_1
0.9877566911618556,-0.25883062077022551,1.0043654901320638,100.03894292723901,0.38777508309907227,-1.0163311884914092
