hlr_1,e2_1,x0_1,flux_1,e1_1,y0_1
1.0164992268049131,-0.28593033523988154,1.0226455412796476,98.212112248214737,0.51597925717823445,-1.0236869855692214
