hlr_1,e2_1,x0_1,flux_1,e1_1,y0_1
0.98486005775410801,-0.22925255559373242,1.04045875288422,100.40747051472472,0.47372606296071607,-1.0221670133495624
