hlr_1,e2_1,x0_1,flux_1,e1_1,y0_1
1.0077085984137932,-0.27538067635333424,0.94816861778553996,103.87107743444759,0.49015006315419707,-0.98884815644907498
