hlr_1,e2_1,x0_1,flux_1,e1_1,y0_1
1.0178768645972216,-0.29330965479497628,1.0062217571231891,103.31749963301966,0.40890242617632744,-0.96773040621562156
