hlr_1,e2_1,x0_1,flux_1,e1_1,y0_1
1.0142601427106115,-0.30504594623749842,1.0635517820536018,102.41967326730905,0.43954301552621033,-1.0162049257189909
