hlr_1,e2_1,x0_1,flux_1,e1_1,y0_1
0.99605739542355209,-0.36122427366232218,1.0099981450325357,101.20536484266151,0.35150601583752361,-0.98667312713911226
