hlr_1,e2_1,x0_1,flux_1,e1_1,y0_1
1.0022898617735398,-0.28657418209499064,0.98185916903528714,96.479795042840792,0.41006828144282537,-1.0026073092851107
