hlr_1,e2_1,x0_1,flux_1,e1_1,y0_1
1.0364331393239237,-0.2800292969681909,0.98312581949082656,101.48989056755265,0.38182402129776749,-0.98993634495424754
