hlr_1,e2_1,x0_1,flux_1,e1_1,y0_1
0.97149046164331843,-0.32917844611833974,1.0190095457165151,97.73957376007121,0.39536015350272291,-1.0025777036750512
