hlr_1,e2_1,x0_1,flux_1,e1_1,y0_1
1.0405227301767614,-0.27230185602587192,0.97067493213736,103.77098351008516,0.41150131086992014,-0.97407133248032451
