hlr_1,e2_1,x0_1,flux_1,e1_1,y0_1
0.99946220109442518,-0.22709153319480352,1.0335185566097049,97.654720264143108,0.40376945864975911,-1.0069489131650928
