hlr_1,e2_1,x0_1,flux_1,e1_1,y0_1
0.98151703183587369,-0.31192351873648544,0.98641468987578751,98.680285351016153,0.46226325308316607,-0.97759459529963566
