hlr_1,e2_1,x0_1,flux_1,e1_1,y0_1
1.0078138642785852,-0.29353288114045722,0.99559253485886323,99.653033356607381,0.41761824931040636,-1.0113968950384113
