hlr_1,e2_1,x0_1,flux_1,e1_1,y0_1
1.0061366585488227,-0.30556405617796406,1.0413379224950701,101.12623490233167,0.41287237018870071,-0.98703811115527618
