hlr_1,e2_1,x0_1,flux_1,e1_1,y0_1
1.002009338837822,-0.29377505778572932,1.0086584921501309,100.00464342164619,0.42587387414065914,-0.99456710757207745
