hlr_1,e2_1,x0_1,flux_1,e1_1,y0_1
0.97739700739138158,-0.27591904968920578,0.98604657068282542,100.00956698180796,0.36438846117546086,-1.0065846845349027
