hlr_1,e2_1,x0_1,flux_1,e1_1,y0_1
0.99424529864739219,-0.32481846838944461,1.0059888718069763,99.30510654152539,0.38608712222900365,-0.98314234128520184
