hlr_1,e2_1,x0_1,flux_1,e1_1,y0_1
1.0069633424876741,-0.32600692766095329,1.0139946966599629,101.23820003099252,0.3939096437071985,-1.0130479096291403
