hlr_1,e2_1,x0_1,flux_1,e1_1,y0_1
0.9808253429352416,-0.33709788487620646,1.0078428427558839,100.28240891718004,0.43447045655409577,-1.0159200048272137
