hlr_1,e2_1,x0_1,flux_1,e1_1,y0_1
1.0485669079015474,-0.34099342554218737,1.0034808977861935,103.48069637283322,0.37656738762329023,-0.99512166570556415
