hlr_1,e2_1,x0_1,flux_1,e1_1,y0_1
1.021057960432485,-0.26583956911531831,1.0043334593035942,101.97025756106545,0.39259714240838184,-0.98577809098094393
