hlr_1,e2_1,x0_1,flux_1,e1_1,y0_1
0.97834063763858037,-0.28696401680862527,1.0030902345704913,98.475644175364891,0.46652737201874706,-0.99353014651696947
