hlr_1,e2_1,x0_1,flux_1,e1_1,y0_1
1.019335765373429,-0.30732639567518416,1.0628419878998203,102.48756575456308,0.41786813841319792,-0.97861833022080269
