hlr_1,e2_1,x0_1,flux_1,e1_1,y0_1
0.98836193407513595,-0.2995211525547416,1.021491065675133,100.3734834648581,0.40031678073890276,-0.99149825817659343
