hlr_1,e2_1,x0_1,flux_1,e1_1,y0_1
1.0003911994042842,-0.327755033350912,1.0213275382153064,99.617536677477744,0.51527140083001122,-1.0150929850975707
