hlr_1,e2_1,x0_1,flux_1,e1_1,y0_1
1.0176690352251945,-0.26340350989742561,1.0467836130639805,99.696327162541394,0.42520505816813503,-1.0206267769871027
