hlr_1,e2_1,x0_1,flux_1,e1_1,y0_1
1.0292516487460648,-0.27982890551249545,1.0361255932108797,102.44565053207147,0.4776798565396112,-0.99065777467381189
