hlr_1,e2_1,x0_1,flux_1,e1_1,y0_1
1.0239343014940228,-0.30513967901276146,0.9842954980855767,102.44149408720349,0.37733826957251848,-0.95713888313142448
