hlr_1,e2_1,x0_1,flux_1,e1_1,y0_1
0.99939889307135799,-0.25846723913766689,1.0027584855322029,102.79178323820665,0.43096946935765867,-1.0221827534176624
