hlr_1,e2_1,x0_1,flux_1,e1_1,y0_1
1.0211085891879774,-0.33097317826054362,1.0535532506455052,100.02900861059926,0.35437595038956848,-1.0230661961852534
