hlr_1,e2_1,x0_1,flux_1,e1_1,y0_1
0.99828115740940393,-0.31285597556897027,0.97971053218002879,101.93259179175143,0.37674343125476617,-0.98253301949534855
