hlr_1,e2_1,x0_1,flux_1,e1_1,y0_1
0.9905216987814538,-0.32490889759936864,0.97099905923565544,100.10540080444615,0.43338719970546014,-0.9989531824171447
