hlr_1,e2_1,x0_1,flux_1,e1_1,y0_1
1.0162949609560097,-0.32778425735151362,0.9619739797664657,102.78352189152368,0.42763604344903894,-0.98177489321332168
