hlr_1,e2_1,x0_1,flux_1,e1_1,y0_1
0.99682134585699278,-0.28039715222528738,1.0220333112720725,96.560041147376339,0.39851887416320064,-1.0321160121593862
