hlr_1,e2_1,x0_1,flux_1,e1_1,y0_1
1.0113626663739606,-0.25223406614639804,0.98555787706944198,99.259609603900444,0.40529160275012366,-0.98577473773083346
