hlr_1,e2_1,x0_1,flux_1,e1_1,y0_1
1.0173917662790664,-0.33560174147474925,1.0023496231942346,102.06174394274241,0.41966308242754313,-1.0065402056050425
