hlr_1,e2_1,x0_1,flux_1,e1_1,y0_1
0.97824180886171197,-0.29908885190185341,0.99982277235059769,97.00252890660326,0.53440699277693349,-0.99713738565876442
