hlr_1,e2_1,x0_1,flux_1,e1_1,y0_1
1.0028052861975056,-0.30557023782501774,0.99480978816755528,98.692212568268928,0.53983875696354455,-0.98019331794336662
