hlr_1,e2_1,x0_1,flux_1,e1_1,y0_1
1.0175827141964504,-0.29469909714091425,0.97672844499034905,100.23633022189173,0.38815971215056488,-0.97754778878984228
