hlr_1,e2_1,x0_1,flux_1,e1_1,y0_1
0.9967534856717013,-0.30400301416544778,0.99637654393380526,100.02548070753311,0.37467536727081474,-1.0062986694373253
