hlr_1,e2_1,x0_1,flux_1,e1_1,y0_1
1.0037617533430616,-0.29472035857162282,0.9888356116609307,99.658440710073904,0.47780484594766826,-1.0031953531899971
