hlr_1,e2_1,x0_1,flux_1,e1_1,y0_1
1.0227921295352935,-0.28560198871609305,0.95763809883214712,102.38604480160321,0.47447250344756275,-1.0324364460226114
