hlr_1,e2_1,x0_1,flux_1,e1_1,y0_1
0.99374827235126362,-0.31957056405146,1.0155322454818823,99.983950132714014,0.41519054999069027,-0.9835732579995593
