hlr_1,e2_1,x0_1,flux_1,e1_1,y0_1
1.0043902332877286,-0.30551420799722406,1.009583671321642,99.358030451971501,0.38144879764661122,-1.0071518926703966
