hlr_1,e2_1,x0_1,flux_1,e1_1,y0_1
1.008258100313006,-0.26437315364628206,1.0327511002245577,101.49309361036762,0.38676933771941613,-0.99555204404354214
