hlr_1,e2_1,x0_1,flux_1,e1_1,y0_1
1.0060992971881189,-0.26091836429089232,0.99487371088949583,101.93038582369795,0.36713801448953087,-0.98176596047472309
