hlr_1,e2_1,x0_1,flux_1,e1_1,y0_1
0.99955680757916654,-0.26765479705410544,0.97152240083757224,98.739157363645518,0.45847123683392632,-0.98023800161947783
