hlr_1,e2_1,x0_1,flux_1,e1_1,y0_1
0.99044076783131008,-0.30298897588604079,1.0017985261832338,97.818354440524132,0.38604844339563238,-0.97608927077966312
