hlr_1,e2_1,x0_1,flux_1,e1_1,y0_1
0.99307209241646199,-0.30664742997923072,1.0056906734615305,101.40457575932054,0.52222387569420281,-1.0026228246082507
