hlr_1,e2_1,x0_1,flux_1,e1_1,y0_1
0.96691715083093022,-0.28985162246325985,0.98516805065477087,96.105538300253357,0.39516591407395008,-0.99451794989938991
