hlr_1,e2_1,x0_1,flux_1,e1_1,y0_1
1.0154716617607242,-0.36579837075562421,0.98110496596573693,103.17661453185866,0.35983635073624876,-1.0158774521229774
