hlr_1,e2_1,x0_1,flux_1,e1_1,y0_1
1.0179826085120638,-0.30342605504364195,0.97974377139505719,100.0022431465022,0.4219380343123047,-0.9743932439689198
