hlr_1,e2_1,x0_1,flux_1,e1_1,y0_1
0.99694630641588322,-0.27430952273924059,0.98205423362929523,96.06324666524705,0.43187983502402738,-0.99315072302173935
