hlr_1,e2_1,x0_1,flux_1,e1_1,y0_1
0.97742936041405448,-0.29709210452404705,1.0079679774675343,96.23188451687318,0.41632624657535522,-0.98841139732505034
