hlr_1,e2_1,x0_1,flux_1,e1_1,y0_1
0.98175163405809784,-0.33068207393090276,1.0315995271209877,95.507807134743501,0.49904442025751283,-1.0146773181968598
