hlr_1,e2_1,x0_1,flux_1,e1_1,y0_1
0.99352369764675985,-0.22695584770363081,1.0145786871121372,98.445977019365998,0.39723651894380518,-0.99438210280368544
