hlr_1,e2_1,x0_1,flux_1,e1_1,y0_1
1.0268266487864715,-0.3071054775230474,1.0056652291535499,102.81580505358934,0.42580952695804708,-1.0244039408157866
