hlr_1,e2_1,x0_1,flux_1,e1_1,y0_1
0.9975493252266272,-0.32857052405208392,0.95711244435685661,99.54750458696374,0.49479827269086818,-0.98406075577957175
