hlr_1,e2_1,x0_1,flux_1,e1_1,y0_1
1.0031724548756382,-0.31458658439512882,0.95338455625225027,102.43133269241655,0.52200069728496978,-0.99262016833395217
