hlr_1,e2_1,x0_1,flux_1,e1_1,y0_1
0.98683528489108863,-0.2892127596072348,0.97418445687949529,96.859001980468975,0.46519327276608613,-0.98311234053234475
