hlr_1,e2_1,x0_1,flux_1,e1_1,y0_1
0.99939077291492051,-0.29606884945702527,1.0136191974159026,99.500716180593727,0.35337520931066035,-1.0291906753882749
