hlr_1,e2_1,x0_1,flux_1,e1_1,y0_1
0.96896844063411636,-0.30339924775862015,1.0001774128789842,94.932643683813708,0.36429960297511732,-1.0168513759502056
