hlr_1,e2_1,x0_1,flux_1,e1_1,y0_1
0.97256906237672336,-0.26154163499169447,0.97030653800678213,96.175359241524617,0.46804047313813646,-1.000020588041389
