hlr_1,e2_1,x0_1,flux_1,e1_1,y0_1
0.98764744470477916,-0.27868129732775726,1.0172287269357811,96.334737142847118,0.40964575544997284,-1.0078890977228996
