hlr_1,e2_1,x0_1,flux_1,e1_1,y0_1
0.98930267663743621,-0.31176417479017227,1.0154654249324144,100.27498286650413,0.39001735236715751,-0.99564111131317024
