hlr_1,e2_1,x0_1,flux_1,e1_1,y0_1
1.0316480379689419,-0.23384299860870306,0.96697571956428163,100.74093300844528,0.41266629084221296,-0.98268175550256931
