hlr_1,e2_1,x0_1,flux_1,e1_1,y0_1
1.0125704990292492,-0.2926316259552188,0.99893500395524715,102.26551614064539,0.47987924587740127,-0.99609034323352796
