hlr_1,e2_1,x0_1,flux_1,e1_1,y0_1
1.0194185962845466,-0.29746551014030742,0.97526695067777869,99.194703902448339,0.54176402138688529,-1.009159339925441
