hlr_1,e2_1,x0_1,flux_1,e1_1,y0_1
0.98926198216176298,-0.31384754286865357,0.98465203816498814,101.1276087157501,0.35966051817253031,-0.98018991182570758
