hlr_1,e2_1,x0_1,flux_1,e1_1,y0_1
1.0071634326924892,-0.28629678113674967,1.0066611480478436,98.273079538359326,0.44516522572183126,-0.99408114027354255
