hlr_1,e2_1,x0_1,flux_1,e1_1,y0_1
0.99258029826360761,-0.33795035038188359,1.0079318400659654,102.43356612803996,0.34379013259415081,-1.0089305197108045
