hlr_1,e2_1,x0_1,flux_1,e1_1,y0_1
0.98265927104628403,-0.30703213960473658,1.0027145945030282,98.051160422247463,0.54726870859553212,-0.98528112957280989
