hlr_1,e2_1,x0_1,flux_1,e1_1,y0_1
0.98067362085682941,-0.31666987962697879,1.0285979271187786,97.463944521185581,0.38247475633077133,-0.99932710695866689
