hlr_1,e2_1,x0_1,flux_1,e1_1,y0_1
1.013712497703716,-0.25930646032017918,0.9312061923019721,101.74528267905417,0.3592636270438494,-1.0153332296590758
