hlr_1,e2_1,x0_1,flux_1,e1_1,y0_1
1.0239444014872578,-0.28782720284611507,1.0228992420087382,103.02055257965301,0.37411980764047459,-0.98094306542128962
