hlr_1,e2_1,x0_1,flux_1,e1_1,y0_1
0.99256175815949588,-0.34034734247562626,1.0052212696628855,98.901595847237417,0.35088330053447025,-1.0009283759282748
