hlr_1,e2_1,x0_1,flux_1,e1_1,y0_1
0.97962956924740996,-0.30490032539296508,1.0144207020340392,98.143786857530429,0.44045280621735472,-1.0312429250341957
