hlr_1,e2_1,x0_1,flux_1,e1_1,y0_1
1.0268396314593158,-0.33086046327410812,1.0043455712414202,100.65591828302927,0.44205926209719504,-0.98221838932989058
