hlr_1,e2_1,x0_1,flux_1,e1_1,y0_1
0.97179367822208151,-0.28050415399058387,0.98207463777724069,94.695952450867324,0.40333495171736722,-0.99778525611879543
