hlr_1,e2_1,x0_1,flux_1,e1_1,y0_1
0.97144146131293074,-0.27994386575538921,0.95271176605028796,97.276210784826972,0.4195992150429837,-0.97680763380647528
