hlr_1,e2_1,x0_1,flux_1,e1_1,y0_1
0.98527225028209786,-0.3137994436426394,0.97818051844231668,99.913788639431417,0.38821075962718177,-0.99143762854363793
