hlr_1,e2_1,x0_1,flux_1,e1_1,y0_1
1.0170042623816666,-0.25321770099488156,0.99370047633794645,101.86864539617848,0.354112849229828,-1.018996913593432
