hlr_1,e2_1,x0_1,flux_1,e1_1,y0_1
1.0062794762050125,-0.27696371945020432,0.9526900379652572,98.761281752048774,0.41730829892485555,-1.0047096538805076
