hlr_1,e2_1,x0_1,flux_1,e1_1,y0_1
1.0127103736331473,-0.32692152593953233,1.0639647198123479,102.32490256786896,0.3963043500013006,-1.0473391281709721
