hlr_1,e2_1,x0_1,flux_1,e1_1,y0_1
1.0178850117511864,-0.3190842342377283,0.98613085403951928,101.54967651689422,0.37965351064974295,-1.013801087811629
