hlr_1,e2_1,x0_1,flux_1,e1_1,y0_1
0.96343573537976845,-0.29000572570545541,1.0179258743938426,96.26691531905135,0.49035542304985569,-1.0297776771893057
