hlr_1,e2_1,x0_1,flux_1,e1_1,y0_1
0.98411264402048637,-0.31877925089363762,0.97167741388608331,99.027383676124188,0.34114577758542297,-1.0211142306939109
