hlr_1,e2_1,x0_1,flux_1,e1_1,y0_1
0.97875114135229846,-0.33915854268567919,1.0097943394294076,99.092852347916804,0.37108060964314515,-1.0155078316688328
