hlr_1,e2_1,x0_1,flux_1,e1_1,y0_1
0.9981166674397024,-0.33667857697709691,0.99104279275361407,100.62876285849188,0.38048462578160058,-1.0019414742597386
