hlr_1,e2_1,x0_1,flux_1,e1_1,y0_1
1.0151774930269668,-0.30147051515608808,0.99919806594353844,102.88128247248487,0.33797895836901115,-1.0410405261687967
