hlr_1,e2_1,x0_1,flux_1,e1_1,y0_1
0.99378757977387977,-0.37573094562977688,1.0078473044937875,98.27768915436485,0.36507989933972174,-0.95754134789308853
