hlr_1,e2_1,x0_1,flux_1,e1_1,y0_1
1.026133725231503,-0.30050464894054424,1.0278258518188625,99.253933735187587,0.51231838410334185,-1.0365262465636635
