hlr_1,e2_1,x0_1,flux_1,e1_1,y0_1
1.000042314069459,-0.2894440389062008,0.98012747551052204,101.69706368487648,0.42181992443375127,-0.99816468245949697
