hlr_1,e2_1,x0_1,flux_1,e1_1,y0_1
1.0045689546508898,-0.28024017356043968,1.014713483053602,103.18178192662386,0.42764405030660146,-0.98881338542310804
