hlr_1,e2_1,x0_1,flux_1,e1_1,y0_1
1.0372084752148312,-0.27996156441722975,1.0096734827758249,102.15507080649289,0.42777447306646854,-1.0123265896679894
