hlr_1,e2_1,x0_1,flux_1,e1_1,y0_1
0.98209491124861459,-0.2785369586447754,1.0439912756952969,96.636725216614565,0.40562316141673005,-1.0056964977094394
