hlr_1,e2_1,x0_1,flux_1,e1_1,y0_1
1.0158925254606532,-0.33821530701857122,0.96947362739720511,100.40183119283843,0.4204164228156948,-1.0093369018962495
