hlr_1,e2_1,x0_1,flux_1,e1_1,y0_1
1.0255301713277234,-0.33359123003159125,1.0143345812237259,103.46326814025608,0.37336300031899938,-1.0311834333022634
