hlr_1,e2_1,x0_1,flux_1,e1_1,y0_1
0.99648345701176488,-0.25737834138731358,0.92884579970886083,102.33264201703385,0.35802045760145185,-0.96702094850705178
