hlr_1,e2_1,x0_1,flux_1,e1_1,y0_1
1.0038807595272448,-0.27759958760455244,0.93280415957560514,100.40481601717066,0.38548110959538873,-0.99292629478928918
