hlr_1,e2_1,x0_1,flux_1,e1_1,y0_1
0.97550137920505042,-0.29836065470149159,0.991249794052389,98.266124983927313,0.35479017057112805,-1.0102379121311471
