hlr_1,e2_1,x0_1,flux_1,e1_1,y0_1
0.96829808785073701,-0.32625228686690444,1.0168057508696524,97.837822259816562,0.47347634749284673,-1.0252782411875265
