hlr_1,e2_1,x0_1,flux_1,e1_1,y0_1
0.98511569892330897,-0.33990119523312917,1.0010157702080598,96.095959459451592,0.44318412098328186,-1.0130311726103391
