hlr_1,e2_1,x0_1,flux_1,e1_1,y0_1
1.0095341340353974,-0.31998270128016093,0.991009919244215,103.75494549924453,0.37818367321768021,-1.0131664224688022
