hlr_1,e2_1,x0_1,flux_1,e1_1,y0_1
1.0193519854849455,-0.28168005809139335,1.0235636090028981,102.8778100127391,0.40926271618426169,-1.0226482715578715
