hlr_1,e2_1,x0_1,flux_1,e1_1,y0_1
0.97873326671016025,-0.30217296646507957,0.99801930345316059,96.305184045986124,0.43225902251034443,-0.99620360321351242
