hlr_1,e2_1,x0_1,flux_1,e1_1,y0_1
0.9886449517167557,-0.30624909467226324,0.96284816848221411,99.744819049463644,0.54595531374378292,-0.9880850358533193
