hlr_1,e2_1,x0_1,flux_1,e1_1,y0_1
1.0037775284757626,-0.29412802061786769,0.99384342003313009,99.438043541410636,0.44272218031252031,-0.97399715852917534
