hlr_1,e2_1,x0_1,flux_1,e1_1,y0_1
1.0303173658559284,-0.33472886584671591,0.98063151590865871,103.09127907617378,0.44379080009630267,-1.0103005315372888
