hlr_1,e2_1,x0_1,flux_1,e1_1,y0_1
0.97618397348095853,-0.29377919037220784,0.96834336853000647,99.233566053732986,0.40253263537023765,-0.9974654669821974
