hlr_1,e2_1,x0_1,flux_1,e1_1,y0_1
0.98182615901214954,-0.33336067502249267,0.98236269931294462,103.266117547093,0.42992865069029773,-0.97375901418990773
