hlr_1,e2_1,x0_1,flux_1,e1_1,y0_1
1.0063807326639576,-0.26629415094745695,0.99363079433099166,101.35735475261592,0.42166698273922165,-1.0076061280403392
