hlr_1,e2_1,x0_1,flux_1,e1_1,y0_1
0.99362986873707926,-0.26762267563740239,1.0254821299478696,99.804132806012944,0.37356792506472125,-1.0065223677216872
