hlr_1,e2_1,x0_1,flux_1,e1_1,y0_1
0.99302613110900939,-0.33265360201034627,1.0279736640358541,98.631987522660452,0.40478185307630565,-1.0125890959770527
