hlr_1,e2_1,x0_1,flux_1,e1_1,y0_1
1.0085454793583222,-0.36067227663903184,0.9513102094281134,101.64473326071692,0.36299625706368821,-0.9917092895255557
