hlr_1,e2_1,x0_1,flux_1,e1_1,y0_1
0.99960344840645354,-0.31288990849088355,0.99820130113959582,99.919293597995448,0.43824222289558068,-0.99159261278235578
