hlr_1,e2_1,x0_1,flux_1,e1_1,y0_1
1.0007601375357282,-0.31428844212945123,1.0062927866713851,100.5497626231425,0.37496049270615384,-1.0057887587258763
