hlr_1,e2_1,x0_1,flux_1,e1_1,y0_1
0.98846046904144003,-0.23378248575654326,1.0026632273216771,100.23876621417051,0.37154156171061037,-1.030570145878634
