hlr_1,e2_1,x0_1,flux_1,e1_1,y0_1
1.0229390831859009,-0.30665998013679874,1.0108165443870689,104.48361632408267,0.42123114648395332,-0.99818914508078116
