hlr_1,e2_1,x0_1,flux_1,e1_1,y0_1
1.009796646750825,-0.30412881308659329,1.0272315282359887,101.91649524396939,0.4370352637437096,-1.0031816515343541
