hlr_1,e2_1,x0_1,flux_1,e1_1,y0_1
0.96842227808353853,-0.28084014307764033,1.0019879489292016,99.169333571600575,0.39239984054676458,-0.96722140746920893
