hlr_1,e2_1,x0_1,flux_1,e1_1,y0_1
0.99381726191275788,-0.33682381633230141,0.98669370049902216,100.7697119683269,0.42848225841523191,-0.96607501205516444
