hlr_1,e2_1,x0_1,flux_1,e1_1,y0_1
0.96729520336853803,-0.33307559531587505,0.96987621125326129,96.590500196136688,0.42207232880242174,-1.0042423654033414
