hlr_1,e2_1,x0_1,flux_1,e1_1,y0_1
1.0233085976037151,-0.24961021295300467,0.98329007229081444,102.42874809948793,0.40601890120416728,-1.0089658962012131
