hlr_1,e2_1,x0_1,flux_1,e1_1,y0_1
0.99240493707256516,-0.30194089720470518,1.0400299341832877,99.295518378069019,0.3884956211171029,-0.98074154547717241
