hlr_1,e2_1,x0_1,flux_1,e1_1,y0_1
0.97847867866516225,-0.31138920947783555,1.0106360635948883,100.21611309250119,0.40000119479290808,-1.0055548246698378
