hlr_1,e2_1,x0_1,flux_1,e1_1,y0_1
0.98783968758835572,-0.30728109672079662,0.99144897493160666,96.786338916424313,0.38130668828122727,-0.99111839408927649
