hlr_1,e2_1,x0_1,flux_1,e1_1,y0_1
0.99942606604536555,-0.2922073117816279,1.0019286248971246,97.6960187130734,0.42490455861443799,-1.0091709977913168
