hlr_1,e2_1,x0_1,flux_1,e1_1,y0_1
0.99582509425817944,-0.3074648681680176,0.92966691648367039,96.176813043497177,0.35992549439324839,-0.99643897625375066
