hlr_1,e2_1,x0_1,flux_1,e1_1,y0_1
1.0278071504885422,-0.28919347540794305,0.98660377071423078,105.50433615173698,0.40289068132590855,-0.99917087495649692
