hlr_1,e2_1,x0_1,flux_1,e1_1,y0_1
0.99591459120944248,-0.27418350364716748,0.98044348840432782,98.421607200069033,0.4337159089675755,-1.0220320363231687
