hlr_1,e2_1,x0_1,flux_1,e1_1,y0_1
1.0027602351713139,-0.26749454532047701,0.99793613779523582,100.73008864122718,0.43483746311083826,-0.97981371814300111
