hlr_1,e2_1,x0_1,flux_1,e1_1,y0_1
1.0189696235798475,-0.32952343391076594,1.0021672020806704,102.52813207653875,0.37260047448727618,-0.99588101161585474
