hlr_1,e2_1,x0_1,flux_1,e1_1,y0_1
0.9729181562029201,-0.29032989522801134,0.97519311678211906,97.214085115601975,0.39879171626250898,-0.98864345950759924
