hlr_1,e2_1,x0_1,flux_1,e1_1,y0_1
1.0323147999938724,-0.32880275117865254,1.0041066110605072,102.54868723911282,0.39928754784921616,-1.012775309636782
