hlr_1,e2_1,x0_1,flux_1,e1_1,y0_1
0.97048640691376886,-0.32876510979601448,1.0032476287059859,95.066163868957943,0.40641477800568016,-1.0000823663405787
