hlr_1,e2_1,x0_1,flux_1,e1_1,y0_1
0.95844978033297989,-0.35332971372197169,1.032630630288045,96.152918907975248,0.38886726534453731,-1.0034806005201728
