hlr_1,e2_1,x0_1,flux_1,e1_1,y0_1
1.0120538640214156,-0.33000513831960482,1.0290014650081138,102.00377525240535,0.37088467165434591,-1.0188650132731314
