hlr_1,e2_1,x0_1,flux_1,e1_1,y0_1
1.0155339055959236,-0.2993592504482393,0.95403094384986975,102.04772782419805,0.41425949405525442,-0.99239045453320385
