hlr_1,e2_1,x0_1,flux_1,e1_1,y0_1
1.0212545100971933,-0.27354522671474263,1.0000575473144337,102.9871128724278,0.38986573707575012,-0.98107159633191054
