hlr_1,e2_1,x0_1,flux_1,e1_1,y0_1
1.0141475226780443,-0.27065739902111285,0.99138099788425915,101.82161974252517,0.36974223272581663,-0.9733753169645385
