hlr_1,e2_1,x0_1,flux_1,e1_1,y0_1
1.0490847783789716,-0.28546434429901746,1.0430285291377048,104.84677020144196,0.42616503845438447,-1.016139607589829
