hlr_1,e2_1,x0_1,flux_1,e1_1,y0_1
1.0471067772061997,-0.28076026822248751,0.96553030732049638,104.53273053829186,0.40646915053237453,-1.0045820432096617
