hlr_1,e2_1,x0_1,flux_1,e1_1,y0_1
0.9529898944743731,-0.39651328282914355,0.99207153450497287,97.127253761472673,0.38854878259085268,-0.98611939808715743
