hlr_1,e2_1,x0_1,flux_1,e1_1,y0_1
0.98947280411050653,-0.33231245282589567,0.99219897081328501,97.396503627518229,0.44634144237738593,-0.97298686561572589
