hlr_1,e2_1,x0_1,flux_1,e1_1,y0_1
0.95516160787849036,-0.31500315965557024,0.99154840220929952,95.664531874984817,0.40457355215268009,-1.010150037397807
