hlr_1,e2_1,x0_1,flux_1,e1_1,y0_1
0.95879504081567379,-0.31359653880115124,1.0052176357004221,97.17960506508426,0.39823979071039539,-1.0085075203544123
