hlr_1,e2_1,x0_1,flux_1,e1_1,y0_1
1.0231395354059241,-0.27561021659815438,1.0207287408421406,102.92858683382963,0.48821161722201811,-1.0350889930316001
