hlr_1,e2_1,x0_1,flux_1,e1_1,y0_1
0.99349974441130362,-0.27632985939885901,0.98068899552592548,98.195923815818688,0.36691004430332841,-0.97648468874784289
