hlr_1,e2_1,x0_1,flux_1,e1_1,y0_1
1.0448765391414834,-0.28698848454581638,0.96074172847399097,103.51836624707393,0.41467043958838978,-1.0170001543033109
