hlr_1,e2_1,x0_1,flux_1,e1_1,y0_1
1.0002059810196298,-0.26300937730651858,1.0519499537544847,97.846028891053408,0.39863611380338781,-1.0070756889467751
