hlr_1,e2_1,x0_1,flux_1,e1_1,y0_1
1.0245313756291519,-0.26147835147377074,0.99683985795330621,103.37976127707537,0.40355646540113521,-0.98479320492340205
