hlr_1,e2_1,x0_1,flux_1,e1_1,y0_1
0.99251931132467064,-0.26096873347742361,1.032318013332671,99.083689714276176,0.41765134640761081,-1.0226292348172157
