hlr_1,e2_1,x0_1,flux_1,e1_1,y0_1
1.0378698784584373,-0.28479353301920041,0.99144225280729259,103.65539063856232,0.39451645010744318,-1.0226081925094674
