hlr_1,e2_1,x0_1,flux_1,e1_1,y0_1
0.9520924874825909,-0.32486375815309748,1.0238470323135216,95.796974576082775,0.39813141798202878,-0.99414484306894657
