hlr_1,e2_1,x0_1,flux_1,e1_1,y0_1
1.0117535035558958,-0.29759473715636714,0.97110888265935991,103.28087258186301,0.38425791257702557,-1.0204026814401148
