hlr_1,e2_1,x0_1,flux_1,e1_1,y0_1
0.97615774617763229,-0.26871546269375113,1.028296367503577,98.828967358798934,0.37408654090423155,-1.0104535715454106
