hlr_1,e2_1,x0_1,flux_1,e1_1,y0_1
1.0234723181735998,-0.29427999777542907,1.027870380727129,101.72482491429984,0.49335523748228072,-1.0341038173676655
