hlr_1,e2_1,x0_1,flux_1,e1_1,y0_1
1.0287180221138312,-0.26035165789787046,0.99244477431194333,104.7763909382234,0.43838243390020826,-0.9982352229268896
