hlr_1,e2_1,x0_1,flux_1,e1_1,y0_1
1.008546924045739,-0.29979541321386283,1.0050774944395036,101.24941867091323,0.37914286037270717,-1.0230179674812065
