hlr_1,e2_1,x0_1,flux_1,e1_1,y0_1
1.0185313584239668,-0.27696619198782269,1.0021391604397074,102.44803859317219,0.43109023088583109,-1.0115131448389678
