hlr_1,e2_1,x0_1,flux_1,e1_1,y0_1
0.97148086123936572,-0.30631564442496256,1.0410855848600429,96.751887976059848,0.34096376569528308,-1.0426683747847871
