hlr_1,e2_1,x0_1,flux_1,e1_1,y0_1
0.99376048785956228,-0.2721625275497388,0.95684561226192333,94.863134649275324,0.3923459377070353,-0.95411909204465495
