hlr_1,e2_1,x0_1,flux_1,e1_1,y0_1
1.0233890606061755,-0.33963801894037926,1.0131841483118791,101.86079474449134,0.39182635106018737,-1.0103284492375835
