hlr_1,e2_1,x0_1,flux_1,e1_1,y0_1
1.0283661323796056,-0.29075943078234578,1.031334767954597,99.969536001080115,0.36408196958895012,-1.0206237825446371
