hlr_1,e2_1,x0_1,flux_1,e1_1,y0_1
1.0298208775975981,-0.31940140919475901,0.98260555216726431,103.68193957832705,0.37503331526025407,-0.96944400707149025
