hlr_1,e2_1,x0_1,flux_1,e1_1,y0_1
1.0155277096191724,-0.28454550470917456,1.0207986763040529,101.03614695241733,0.40587386353387833,-1.0040028658221223
