hlr_1,e2_1,x0_1,flux_1,e1_1,y0_1
1.0027231604917564,-0.29006180940703524,1.0227095791199856,98.976802694479773,0.39633425377919274,-1.0106587786473127
