hlr_1,e2_1,x0_1,flux_1,e1_1,y0_1
1.0191831416068609,-0.28229333970396042,0.99542654099530203,100.40872343885691,0.33335372627024862,-1.0106671097885385
