hlr_1,e2_1,x0_1,flux_1,e1_1,y0_1
0.96378298709513022,-0.33029037553152663,0.89627751536068434,95.054233858140563,0.50463619948333882,-0.9485756080126011
