hlr_1,e2_1,x0_1,flux_1,e1_1,y0_1
0.99450019623749886,-0.37865681678510443,0.95997808621812375,99.093838108940403,0.40912312245714433,-0.99343248675904405
