hlr_1,e2_1,x0_1,flux_1,e1_1,y0_1
1.0040183090419372,-0.30355580368537061,1.0043541676361007,98.978860050871106,0.40637296913201726,-1.0100161356695372
