hlr_1,e2_1,x0_1,flux_1,e1_1,y0_1
0.97268386565943299,-0.34544237135797951,0.98627126524873621,100.50178606953207,0.37166034279423732,-0.98822332358709408
