hlr_1,e2_1,x0_1,flux_1,e1_1,y0_1
0.95692592006075117,-0.33131081182113492,0.95513348536409026,97.60855412490308,0.37278604395832105,-0.98083460229959618
