hlr_1,e2_1,x0_1,flux_1,e1_1,y0_1
1.0122432494319336,-0.29752804028535179,1.0509485597018999,100.55942070649238,0.40759874824046904,-1.031467500613453
