hlr_1,e2_1,x0_1,flux_1,e1_1,y0_1
0.99280622553432574,-0.29761056807752012,1.0182987772691012,99.343464086407295,0.45887267765209461,-1.0400721929805878
