hlr_1,e2_1,x0_1,flux_1,e1_1,y0_1
0.98329193034330942,-0.32983701351643024,1.0187009557275717,97.648326254682488,0.41660317061144658,-0.9981269606555041
