hlr_1,e2_1,x0_1,flux_1,e1_1,y0_1
0.99017814823009886,-0.2946041390114521,0.94761357022124493,96.086815702430812,0.51457229044271791,-0.99717058843815654
