hlr_1,e2_1,x0_1,flux_1,e1_1,y0_1
0.96402961310587942,-0.32510953417947186,1.0319824832739002,96.539813933109912,0.37163615086597335,-1.0290662499273884
