hlr_1,e2_1,x0_1,flux_1,e1_1,y0_1
1.0104594999179497,-0.21466510755623064,1.0266571786865644,97.945491604585669,0.46945201876594278,-1.0348090288118854
