hlr_1,e2_1,x0_1,flux_1,e1_1,y0_1
0.99491819454095154,-0.33215780247150178,0.97130797851940276,99.700838310715824,0.37382927062561588,-0.99604808096924646
