hlr_1,e2_1,x0_1,flux_1,e1_1,y0_1
0.98932855286950261,-0.33766090257653431,0.98955441506849606,103.50317711213496,0.43319993470240381,-1.0110485541437484
