hlr_1,e2_1,x0_1,flux_1,e1_1,y0_1
1.0142542598219961,-0.30886150478502361,1.0119789145685925,101.26708997857979,0.37186576944544392,-1.0046095110183471
