hlr_1,e2_1,x0_1,flux_1,e1_1,y0_1
0.99608513819905453,-0.29948736183197056,1.0180650475600315,99.421088983292719,0.37762101571301643,-1.002806867438323
