hlr_1,e2_1,x0_1,flux_1,e1_1,y0_1
0.9656653965928057,-0.29668449971756111,1.0052983193185066,98.495789321748916,0.38239564459105257,-0.99489426469117781
