hlr_1,e2_1,x0_1,flux_1,e1_1,y0_1
0.99609768930438758,-0.25062042760824016,0.96491464093644375,99.950244246628017,0.43008815364842912,-0.98049798512357844
