hlr_1,e2_1,x0_1,flux_1,e1_1,y0_1
0.9934335583744347,-0.31534435925937354,1.0215216229877901,100.41454036324181,0.45408712023012221,-1.0019066413620661
