hlr_1,e2_1,x0_1,flux_1,e1_1,y0_1
1.0426197414646952,-0.25851206346924716,0.98969959571001365,105.85790954325111,0.40469666268716664,-0.98282986349875623
