hlr_1,e2_1,x0_1,flux_1,e1_1,y0_1
1.0332647353564184,-0.26226365519648076,1.0040761199044077,100.31152861461022,0.43507367992072088,-0.99768355332252545
