hlr_1,e2_1,x0_1,flux_1,e1_1,y0_1
0.99500323655420719,-0.33616274829718679,1.0128553697064264,98.759577985886239,0.39537502817509718,-1.0180056968235851
