hlr_1,e2_1,x0_1,flux_1,e1_1,y0_1
1.0277474476180055,-0.27938500221871865,1.0090092105404933,104.90111894131046,0.38367972738967482,-1.0146167888443451
