hlr_1,e2_1,x0_1,flux_1,e1_1,y0_1
0.96784629329824035,-0.32929701492791746,0.96302507620257849,95.966122155314665,0.48553027079456568,-1.0013390853153474
