hlr_1,e2_1,x0_1,flux_1,e1_1,y0_1
0.9782657433812918,-0.28081458773284063,1.0280835608704111,98.788285397198919,0.42073022130675763,-1.0335249300395182
