hlr_1,e2_1,x0_1,flux_1,e1_1,y0_1
0.97159319159504887,-0.35217195073356677,0.97304702274810229,98.389170978420964,0.37264060731343562,-0.99440102212757919
