hlr_1,e2_1,x0_1,flux_1,e1_1,y0_1
0.97426089702238561,-0.32004838867759267,1.0037993483057548,99.626049983387517,0.38844102175309292,-0.9918704711806301
