hlr_1,e2_1,x0_1,flux_1,e1_1,y0_1
1.0042034677545213,-0.28563487457589604,0.98776807494392038,99.768877979126927,0.38127569005111961,-0.96112540834782978
