hlr_1,e2_1,x0_1,flux_1,e1_1,y0_1
1.0299937328642947,-0.31101319434712038,1.014863412389146,101.9218948874091,0.37362121314392449,-1.0093633406198022
