hlr_1,e2_1,x0_1,flux_1,e1_1,y0_1
0.97463636028920986,-0.36658246554205454,0.97996241706115761,99.416386855298484,0.40906610269454613,-0.98928339295626611
