hlr_1,e2_1,x0_1,flux_1,e1_1,y0_1
0.99551636863513471,-0.27414524665173207,0.98164641648713769,98.859699151858976,0.39115018573742977,-1.0027306949129358
