hlr_1,e2_1,x0_1,flux_1,e1_1,y0_1
0.99018778318858836,-0.29616953931595258,1.001046805818012,102.19205726821883,0.49729098044050279,-1.0211959220986175
