hlr_1,e2_1,x0_1,flux_1,e1_1,y0_1
1.0346474054914321,-0.34070954967853462,1.0124380534394755,101.81086581015727,0.39384960183598849,-0.96859526503219007
