hlr_1,e2_1,x0_1,flux_1,e1_1,y0_1
0.98242978687702975,-0.26061841476018011,0.98224411010510959,98.590868349249618,0.44231316628567052,-1.0136161725081609
