hlr_1,e2_1,x0_1,flux_1,e1_1,y0_1
0.98653997836445484,-0.35870933828761448,0.98721011947236015,97.996908032986269,0.42441856579489623,-1.0120224710635433
