hlr_1,e2_1,x0_1,flux_1,e1_1,y0_1
1.00314851829518,-0.32535272663402154,0.97860424518156641,101.73558349203685,0.40599315356743482,-0.9958579680453794
