hlr_1,e2_1,x0_1,flux_1,e1_1,y0_1
1.0004193028367157,-0.33102863949889871,1.022236297450994,101.76272114482447,0.39203919214985894,-1.017355149831296
