hlr_1,e2_1,x0_1,flux_1,e1_1,y0_1
0.98969439832502615,-0.26061794863565191,1.0449918549602755,100.41541121004883,0.40758328016952583,-1.02984940093629
