hlr_1,e2_1,x0_1,flux_1,e1_1,y0_1
0.9883036834003347,-0.3009269181425529,0.98186052514025235,99.938718122479301,0.43481215072218182,-0.99133497249399216
