hlr_1,e2_1,x0_1,flux_1,e1_1,y0_1
0.99791433718593781,-0.27686166482402719,1.0004536377872508,100.6157701347277,0.37854199061161875,-0.98236014820955742
