hlr_1,e2_1,x0_1,flux_1,e1_1,y0_1
0.99124330140663219,-0.27522414193064831,1.0083809530995955,100.40588572806024,0.35800434535821446,-1.0182013215079051
