hlr_1,e2_1,x0_1,flux_1,e1_1,y0_1
0.99356942771132717,-0.33419660685598079,0.96827013284819952,99.891519622886193,0.31942443430289846,-0.96943251566240241
