hlr_1,e2_1,x0_1,flux_1,e1_1,y0_1
0.98552919555562624,-0.25767368250723099,0.99347778929689579,99.565918822830881,0.38735544154431523,-1.0083286707908523
