hlr_1,e2_1,x0_1,flux_1,e1_1,y0_1
0.96827355465233511,-0.34018703466374539,1.0049474479641978,98.243862356419811,0.50181350042888151,-0.98634302562676623
