hlr_1,e2_1,x0_1,flux_1,e1_1,y0_1
0.99262818052826329,-0.34994140615762043,0.96701246407840191,97.944782468980975,0.38476653441139086,-0.9870027509005812
