hlr_1,e2_1,x0_1,flux_1,e1_1,y0_1
0.98860600098522844,-0.30315916653437319,0.96094297227200709,99.453558235397949,0.37138170381164226,-0.97467186301148834
