hlr_1,e2_1,x0_1,flux_1,e1_1,y0_1
1.017384023354726,-0.33423259421333951,1.0056862969626499,103.61660826934397,0.4058418917641482,-0.99377682685449864
