hlr_1,e2_1,x0_1,flux_1,e1_1,y0_1
0.96930126234544778,-0.33294694734650804,1.0046066453267795,97.675319087423858,0.41742330773056935,-0.99345157346992252
