hlr_1,e2_1,x0_1,flux_1,e1_1,y0_1
1.0004838049582778,-0.32674483080484434,0.98845105677760703,98.366950235349606,0.34249396517481712,-1.0006977911463664
