hlr_1,e2_1,x0_1,flux_1,e1_1,y0_1
0.99933762619473088,-0.27619676692117251,0.97130344238335287,102.82418678645935,0.3398342529673708,-1.0185391723561281
