hlr_1,e2_1,x0_1,flux_1,e1_1,y0_1
0.99562544510047446,-0.2699404846665695,0.97301943379645994,100.06774483676885,0.40788984301122877,-0.9738335139991019
