hlr_1,e2_1,x0_1,flux_1,e1_1,y0_1
1.0052821914468995,-0.32660107696046525,0.970097933519523,98.56597857872967,0.34278669480024671,-0.96070973733983989
