hlr_1,e2_1,x0_1,flux_1,e1_1,y0_1
0.98952145058227492,-0.3144753169333504,1.0427223680382074,98.157671523932621,0.39116463320357053,-1.0001450121409432
