hlr_1,e2_1,x0_1,flux_1,e1_1,y0_1
1.0053329289489694,-0.26751048583528841,1.0082875550520036,101.39899877520837,0.45107907864348928,-0.99762859508545976
