hlr_1,e2_1,x0_1,flux_1,e1_1,y0_1
1.0142925406006147,-0.30128879709288919,0.98709920123783768,101.47737992141279,0.37987224424182364,-1.0137987073172421
