hlr_1,e2_1,x0_1,flux_1,e1_1,y0_1
0.94045228434041439,-0.28513687106896191,0.96579352435890442,95.876271132872148,0.42729326824720704,-1.0065199100115305
