hlr_1,e2_1,x0_1,flux_1,e1_1,y0_1
1.0000140053539557,-0.32976955810452924,1.0061934158051544,98.949020728715539,0.40002937454409393,-0.99257021615234597
