hlr_1,e2_1,x0_1,flux_1,e1_1,y0_1
1.0063204167522137,-0.34851701756036146,1.0101884908047234,99.920657589754583,0.34381527767817932,-1.0206932524223338
