hlr_1,e2_1,x0_1,flux_1,e1_1,y0_1
1.0067118351493991,-0.32901941495446951,0.92322858841832289,102.32184699591669,0.37213000290932396,-0.97844968099615137
