hlr_1,e2_1,x0_1,flux_1,e1_1,y0_1
1.028570464524261,-0.25294878240227975,1.0073415550157501,98.304935205907938,0.45058132346176683,-1.0093291493009704
