hlr_1,e2_1,x0_1,flux_1,e1_1,y0_1
1.0043633910632912,-0.31295497716171428,1.0082097580039582,98.132129708229655,0.38327287990257353,-1.0072913438431477
