hlr_1,e2_1,x0_1,flux_1,e1_1,y0_1
0.98206679159235444,-0.25467219935600799,1.0077438184463423,99.285159741482758,0.46952460848976818,-0.99668683515364798
