hlr_1,e2_1,x0_1,flux_1,e1_1,y0_1
0.99861728146395667,-0.28714791874424994,0.98595410685392171,101.15428287360049,0.43202183827935348,-1.0098170134719848
