hlr_1,e2_1,x0_1,flux_1,e1_1,y0_1
0.98020566648134078,-0.31645543145762361,0.95037459033635763,95.627354637298382,0.43324065891822916,-0.98048238474726679
