hlr_1,e2_1,x0_1,flux_1,e1_1,y0_1
1.032629523439526,-0.29252802980384879,1.0129109417898148,102.39194600834355,0.36058197162955863,-1.0079226932713015
