hlr_1,e2_1,x0_1,flux_1,e1_1,y0_1
0.99602029625586286,-0.32673519201675166,0.97936121649517638,100.02572549369009,0.44301927160236132,-1.0296807147257789
