hlr_1,e2_1,x0_1,flux_1,e1_1,y0_1
1.0230034315719649,-0.27524473829986124,0.98552171533822985,101.40745914354846,0.40289054071709396,-0.99249262044369457
