hlr_1,e2_1,x0_1,flux_1,e1_1,y0_1
1.011910443302745,-0.26756660930083564,1.0125425030429298,101.9520603348199,0.3989842140596418,-1.0099338052574947
