hlr_1,e2_1,x0_1,flux_1,e1_1,y0_1
1.0124985152948187,-0.30037997740373662,1.0218554781635039,100.88671159011744,0.52259003381519697,-0.99436911734234901
