hlr_1,e2_1,x0_1,flux_1,e1_1,y0_1
0.98416324088043905,-0.27959045961237339,1.0102847408398006,94.958117680320058,0.33991300768871735,-1.0118049823095197
