hlr_1,e2_1,x0_1,flux_1,e1_1,y0_1
0.98646628916394419,-0.33366237791675424,0.97814675166909115,97.541482852142209,0.31799432475055456,-1.0019991674092035
