hlr_1,e2_1,x0_1,flux_1,e1_1,y0_1
1.0312662195766897,-0.33492114767111147,1.0140630238168384,102.18206599324813,0.36211521371298838,-1.0059759256170189
