hlr_1,e2_1,x0_1,flux_1,e1_1,y0_1
1.0075669819209772,-0.30524808681254922,0.96689785854392785,103.23765979632392,0.39044009867817553,-1.0069008823624581
