hlr_1,e2_1,x0_1,flux_1,e1_1,y0_1
1.0181444534695725,-0.33290420025209866,0.9910721184222151,103.38922412051055,0.42755006585216759,-1.0082927481182811
