hlr_1,e2_1,x0_1,flux_1,e1_1,y0_1
1.0143984893170286,-0.25053246998528789,1.0635337592404435,101.4301313928767,0.41399876600909069,-1.0023822603497532
