hlr_1,e2_1,x0_1,flux_1,e1_1,y0_1
1.0134512596369691,-0.28978185226539666,0.95313939006859716,101.74152081935985,0.4039091829071968,-0.99101265326268573
