hlr_1,e2_1,x0_1,flux_1,e1_1,y0_1
1.0165925148131048,-0.30681980573057432,1.0509844206246894,102.65075529507354,0.41777028866053012,-1.030477637426062
