hlr_1,e2_1,x0_1,flux_1,e1_1,y0_1
0.98782064462955455,-0.2967578967419654,1.0038829694274787,96.113989652141825,0.51664491447803718,-1.0187807364872796
