hlr_1,e2_1,x0_1,flux_1,e1_1,y0_1
0.9906544864014919,-0.25503008916112241,1.0307126350337139,98.144141890811071,0.36522171052974639,-0.99828704653801648
