hlr_1,e2_1,x0_1,flux_1,e1_1,y0_1
0.9917578140033938,-0.31983349356795931,1.0408111916307154,99.612188407987574,0.39313920659949786,-0.99365390342264215
