hlr_1,e2_1,x0_1,flux_1,e1_1,y0_1
0.98272331492670117,-0.3111543441706569,0.98240227667173841,99.452362068028435,0.42429089984322244,-0.99643256081760656
