hlr_1,e2_1,x0_1,flux_1,e1_1,y0_1
0.98285781590422339,-0.32024909997865547,0.9862242625281139,100.05106748213061,0.3917812387992019,-0.99399240274729639
