hlr_1,e2_1,x0_1,flux_1,e1_1,y0_1
1.0352883033235347,-0.3059847100354211,1.0591950379743231,103.63458119716007,0.41715630262815973,-0.9813803710928326
