hlr_1,e2_1,x0_1,flux_1,e1_1,y0_1
0.99431051679637705,-0.28433112897147861,1.0068248191832243,100.35317002407696,0.43384816978966323,-1.001485527685118
