hlr_1,e2_1,x0_1,flux_1,e1_1,y0_1
1.0018603069416918,-0.28722815055869311,1.0505436188402602,99.85242597729075,0.37486630252081676,-1.0398196857433377
