hlr_1,e2_1,x0_1,flux_1,e1_1,y0_1
0.98913859557750516,-0.25686744038239456,0.98023381864317471,98.490793698727586,0.40913154134462815,-1.0057909957208362
