hlr_1,e2_1,x0_1,flux_1,e1_1,y0_1
0.98080940827201069,-0.27455603227423903,0.97045012297063238,98.520389976871357,0.39313240767934432,-1.0154361908230087
