hlr_1,e2_1,x0_1,flux_1,e1_1,y0_1
1.0174937319938739,-0.24350906391144894,0.98631248812711636,100.83613568187677,0.4406868853355439,-1.0193432766473656
