hlr_1,e2_1,x0_1,flux_1,e1_1,y0_1
0.99498603670373442,-0.31279150374977555,0.99704070525137567,97.698283008444506,0.44353587539150885,-1.0290791973552458
