hlr_1,e2_1,x0_1,flux_1,e1_1,y0_1
0.96405747783833307,-0.33031029354561475,1.0400952660657889,98.468510172039572,0.40455089198984706,-1.0458626374624034
