hlr_1,e2_1,x0_1,flux_1,e1_1,y0_1
0.98684745168190791,-0.24909395491529973,0.98590510135900633,98.182215579728819,0.51107359711846634,-0.99818780753437064
