hlr_1,e2_1,x0_1,flux_1,e1_1,y0_1
1.0040731605430127,-0.29322107113959744,1.0022182994240083,99.673098246032595,0.38671275167252372,-1.0032854625284635
