hlr_1,e2_1,x0_1,flux_1,e1_1,y0_1
0.97679310677964581,-0.3013031601900284,0.9613659943162185,97.22071962423577,0.36628967042916605,-0.98825559044286138
