hlr_1,e2_1,x0_1,flux_1,e1_1,y0_1
0.99149304911806135,-0.31559413674367426,0.97070970053329919,98.660229542619476,0.4251526569192039,-0.99898568714241032
