hlr_1,e2_1,x0_1,flux_1,e1_1,y0_1
0.9984776700290805,-0.28896308807357124,1.028167929737851,99.626869105146312,0.42118977289669668,-1.0100301930167261
