hlr_1,e2_1,x0_1,flux_1,e1_1,y0_1
1.0165272400480885,-0.26914637003757613,1.0089978841094176,103.56337702501158,0.40656629113988707,-1.0006976772290557
