hlr_1,e2_1,x0_1,flux_1,e1_1,y0_1
1.0183563507616533,-0.36813567047884915,1.0265385100621929,100.84794260623647,0.41167826403802277,-0.99727741451487217
