hlr_1,e2_1,x0_1,flux_1,e1_1,y0_1
0.97981174157137008,-0.34632720864168282,1.0062688321915312,100.55864329558098,0.3843839157808091,-0.96583441908918832
