hlr_1,e2_1,x0_1,flux_1,e1_1,y0_1
1.0092697665073498,-0.30397173060996729,0.98325512672803406,99.29007228135535,0.39915449271162506,-1.0202059496269253
