hlr_1,e2_1,x0_1,flux_1,e1_1,y0_1
0.99773513057303886,-0.36757628127346609,1.0198249310898095,99.031211217426758,0.37214026381503729,-0.97137952203233002
