hlr_1,e2_1,x0_1,flux_1,e1_1,y0_1
0.99261257359436561,-0.32284829804938681,1.051087686536996,100.79862811410129,0.43234052136539636,-1.0094670832879449
