hlr_1,e2_1,x0_1,flux_1,e1_1,y0_1
1.001990695917212,-0.30737537084777078,1.018154887950681,100.44350773092759,0.4399957994509287,-1.0235219084913729
