hlr_1,e2_1,x0_1,flux_1,e1_1,y0_1
0.9853592341615427,-0.27354267732103682,0.96673215014091252,98.239028297600356,0.35938686304673562,-1.0181211191252637
