hlr_1,e2_1,x0_1,flux_1,e1_1,y0_1
0.99355661260789807,-0.30828846637989177,0.97401477093900457,97.830024595465716,0.3426196670847228,-0.98426750511605121
