hlr_1,e2_1,x0_1,flux_1,e1_1,y0_1
0.99629188973552218,-0.28792933509971963,0.98647369864193113,97.129051389938581,0.33871177589373369,-1.0155898517722521
