hlr_1,e2_1,x0_1,flux_1,e1_1,y0_1
0.99260336519378045,-0.30033885712508329,0.99992090750415397,101.97490402781861,0.40579229939636297,-1.0153127618747693
