hlr_1,e2_1,x0_1,flux_1,e1_1,y0_1
0.98165827419137286,-0.32538010271683648,1.0475622520752443,97.608595039626238,0.39746572386880952,-1.0330852434104489
