hlr_1,e2_1,x0_1,flux_1,e1_1,y0_1
0.99910489387890267,-0.2873350136799776,1.0342732292158159,97.742289829424536,0.4256124380634867,-1.0093173464714349
