hlr_1,e2_1,x0_1,flux_1,e1_1,y0_1
0.99606690804908582,-0.26571376780444406,0.99244969515224835,100.39232405283903,0.36875803714791111,-1.0113412272069731
