hlr_1,e2_1,x0_1,flux_1,e1_1,y0_1
1.0148105779799117,-0.26194756022343951,0.99033051316997245,99.558011400837501,0.38285103031651069,-1.0219976794388712
