hlr_1,e2_1,x0_1,flux_1,e1_1,y0_1
0.98452568702892407,-0.2929291567893621,0.95077977318056206,99.532712420073167,0.45671621571473753,-1.0199973681712171
