hlr_1,e2_1,x0_1,flux_1,e1_1,y0_1
1.0053340399638921,-0.36051285532515664,0.99914757018586897,97.744553227687376,0.33873712810414247,-1.0009450806122895
