hlr_1,e2_1,x0_1,flux_1,e1_1,y0_1
0.97992863361526106,-0.29678377801911721,1.0138567685280142,97.875775246990727,0.41490289858347906,-1.0015782683341738
