hlr_1,e2_1,x0_1,flux_1,e1_1,y0_1
1.0052099594643615,-0.31213882970849238,1.0130487260802266,98.679723492496109,0.41053191837860048,-1.0057861342381065
