hlr_1,e2_1,x0_1,flux_1,e1_1,y0_1
0.98662212603348176,-0.29612246336020032,1.0626708073990008,95.920827990832777,0.37451441419351861,-1.0395975299949889
