hlr_1,e2_1,x0_1,flux_1,e1_1,y0_1
0.99319357796519281,-0.3019110700534714,1.0582267079892764,100.28356413389773,0.4255567628877357,-1.0023661197175762
