hlr_1,e2_1,x0_1,flux_1,e1_1,y0_1
0.97532567862588548,-0.30798340713765759,1.0044552113646041,98.077122642512307,0.53307344639894239,-1.0013773713098013
