hlr_1,e2_1,x0_1,flux_1,e1_1,y0_1
1.0075206600438085,-0.27221542906436014,1.0323964326293096,99.710585141203012,0.41447539741800488,-1.0185641893321686
