hlr_1,e2_1,x0_1,flux_1,e1_1,y0_1
0.9907536268584558,-0.28405292124814879,0.97601109793665231,98.861045320001878,0.42550225087898874,-0.98406543829272541
