hlr_1,e2_1,x0_1,flux_1,e1_1,y0_1
1.0148195844155503,-0.28909908522010047,0.99337178938568815,101.22427013070504,0.49359129784023503,-0.98665206679273387
