hlr_1,e2_1,x0_1,flux_1,e1_1,y0_1
1.0146242792947477,-0.34369828638927291,0.99332252724489489,100.74054474841776,0.40279595286340997,-1.024316219622559
