hlr_1,e2_1,x0_1,flux_1,e1_1,y0_1
0.97623766781946597,-0.30172569189970205,0.97303429674751296,99.838988074603961,0.52338288539928723,-0.98629245472306337
