hlr_1,e2_1,x0_1,flux_1,e1_1,y0_1
0.98638295075744775,-0.27578881812657835,1.0004936532582418,99.524981064630708,0.39914134513048749,-1.0283175737256656
