hlr_1,e2_1,x0_1,flux_1,e1_1,y0_1
0.97509225859690418,-0.31615581717759228,0.97735727222129576,96.997619274047977,0.39703041388548588,-1.0153806511886132
