hlr_1,e2_1,x0_1,flux_1,e1_1,y0_1
0.99945074302543024,-0.25564931521654571,1.0253004241828974,103.31863678231973,0.40478196758505791,-0.98373524799810008
