hlr_1,e2_1,x0_1,flux_1,e1_1,y0_1
1.009910040163934,-0.32448131354333892,1.0082584475518139,100.2416812880934,0.42371325141773242,-1.013613871693567
