hlr_1,e2_1,x0_1,flux_1,e1_1,y0_1
0.96949275326100159,-0.22396873645065862,0.96120695542629697,94.210541160278169,0.38283799763216098,-1.0453781348283542
