hlr_1,e2_1,x0_1,flux_1,e1_1,y0_1
0.99931075031877081,-0.29118816937339381,0.97022104968215483,104.26204711996181,0.42732655727484481,-0.97416250911559965
