hlr_1,e2_1,x0_1,flux_1,e1_1,y0_1
0.9903742526485495,-0.29433877474267933,1.0395044027290039,100.01023768116031,0.44656100067424043,-1.014415962852425
