hlr_1,e2_1,x0_1,flux_1,e1_1,y0_1
0.98622799517409088,-0.2718254940129835,1.0363634782076794,99.006894065909478,0.39520695596271604,-0.9639228365176673
