hlr_1,e2_1,x0_1,flux_1,e1_1,y0_1
1.0120765153946234,-0.26705070306583023,1.0025478675049451,101.79996613917767,0.40681915672688884,-0.96486116431707014
