hlr_1,e2_1,x0_1,flux_1,e1_1,y0_1
0.95712277648637611,-0.35370062634990651,1.0152033276600019,96.07051548816824,0.40240968679790345,-0.98826283907719281
