hlr_1,e2_1,x0_1,flux_1,e1_1,y0_1
0.99826123130084499,-0.31573727523078393,0.99503065058408335,98.104461642690808,0.41420408308525625,-0.99253758684850046
