hlr_1,e2_1,x0_1,flux_1,e1_1,y0_1
0.97554900795028776,-0.30220301666319205,1.0204457328089527,98.492263064811908,0.39845666897972398,-1.0250565671425784
