hlr_1,e2_1,x0_1,flux_1,e1_1,y0_1
0.98857818594760527,-0.3149362541559716,1.0120445154009978,99.708669151071561,0.36562149269927824,-1.025566308697146
