hlr_1,e2_1,x0_1,flux_1,e1_1,y0_1
0.98399400575912166,-0.25004099837075783,1.0374605887391262,97.989186182841763,0.43154932467089813,-0.99723513750034209
