hlr_1,e2_1,x0_1,flux_1,e1_1,y0_1
1.0014066370001959,-0.28100847859555039,1.0070201603132807,100.54268882022004,0.55795793772768687,-0.98067252658092086
