hlr_1,e2_1,x0_1,flux_1,e1_1,y0_1
1.0121505534174982,-0.2559929872057507,0.96113049992814314,100.78409138946324,0.3572550143627562,-0.97494106578478723
