hlr_1,e2_1,x0_1,flux_1,e1_1,y0_1
0.96831138987296761,-0.28222053262433877,0.96718730573002354,98.229425548267344,0.44040550983996773,-0.99954339618805754
