hlr_1,e2_1,x0_1,flux_1,e1_1,y0_1
0.97966858591832295,-0.33036062447421044,1.0350703092790177,96.984891156175479,0.39699047516186936,-1.0153985166589869
