hlr_1,e2_1,x0_1,flux_1,e1_1,y0_1
0.97345353651484468,-0.31170004255765138,0.97921084737490904,98.700751395437337,0.52364002080610295,-0.98346880053517216
