hlr_1,e2_1,x0_1,flux_1,e1_1,y0_1
1.0280102306628924,-0.26073146290434462,0.96144991967625959,105.00779070404836,0.35253169646228955,-0.96251980845663088
