hlr_1,e2_1,x0_1,flux_1,e1_1,y0_1
1.0071468451597201,-0.30206500505627454,1.0074416358690756,101.24182721620261,0.40267742595374134,-1.0187080012863441
