hlr_1,e2_1,x0_1,flux_1,e1_1,y0_1
0.99254060962692181,-0.32210913618490727,1.0104833134602949,99.914812037057587,0.45344525519212109,-0.98125156428891813
