hlr_1,e2_1,x0_1,flux_1,e1_1,y0_1
0.95412159609419045,-0.31943469168362476,0.99004519061037932,94.866267205616268,0.41095002825406923,-1.0082615012939735
