hlr_1,e2_1,x0_1,flux_1,e1_1,y0_1
1.0032003491500676,-0.28079281521158594,1.0283169621984642,100.26589724902605,0.42330695030530929,-1.0109584384316532
