hlr_1,e2_1,x0_1,flux_1,e1_1,y0_1
1.0194283786392595,-0.29541541145387334,0.97446206012375658,101.62597135838182,0.38603164652135624,-0.96895117096418737
