hlr_1,e2_1,x0_1,flux_1,e1_1,y0_1
1.0112656571946244,-0.25853412276630278,0.97391334235937599,101.1346753813948,0.42163763457966663,-0.99676797729452371
