hlr_1,e2_1,x0_1,flux_1,e1_1,y0_1
1.0140945464972235,-0.3069245937392,0.97971543786275905,100.41602256781319,0.40945792560447791,-0.97273572799012653
