hlr_1,e2_1,x0_1,flux_1,e1_1,y0_1
0.97596961389419712,-0.33810479225586232,1.0280057259893605,97.837228929679455,0.46587454726829169,-1.033829692312942
