hlr_1,e2_1,x0_1,flux_1,e1_1,y0_1
1.0132287451863111,-0.28628876728235569,1.000291242188208,103.13675809559864,0.51729428595010729,-0.9818965569443483
