hlr_1,e2_1,x0_1,flux_1,e1_1,y0_1
1.0249155686514504,-0.19072106124490562,0.9839570638024826,104.00215806576455,0.52471123378704254,-1.0037693827366909
