hlr_1,e2_1,x0_1,flux_1,e1_1,y0_1
1.0108791886067747,-0.28052612817419281,0.97376915517374218,103.67346569099816,0.3935981494687566,-0.99810553081144748
