hlr_1,e2_1,x0_1,flux_1,e1_1,y0_1
1.046786945865406,-0.27457442477420446,0.99226162450372524,100.69135132558462,0.36604939961109051,-1.0177259487396957
