hlr_1,e2_1,x0_1,flux_1,e1_1,y0_1
0.99946801660811024,-0.26673647762406727,0.97823544573449173,102.67895612950413,0.35438819019232781,-0.99892592570058536
