hlr_1,e2_1,x0_1,flux_1,e1_1,y0_1
0.96914108387695741,-0.27163647279851794,0.98777589181436198,93.538820699181613,0.37893301727553985,-1.0096377313049465
