hlr_1,e2_1,x0_1,flux_1,e1_1,y0_1
1.0448984723589416,-0.31411076767784352,0.99626049988269738,102.69964317852349,0.40006819558685769,-1.0131422483981112
