hlr_1,e2_1,x0_1,flux_1,e1_1,y0_1
0.99625814386469069,-0.31703018189273119,1.0201320408781589,96.531370532316785,0.38673762573293136,-1.0059772540462828
