hlr_1,e2_1,x0_1,flux_1,e1_1,y0_1
0.98310448827527841,-0.30354832768320217,0.97566513670240518,99.888863583700356,0.39548671451575057,-1.0045378168036576
