hlr_1,e2_1,x0_1,flux_1,e1_1,y0_1
0.99936634176676509,-0.33173061394431308,0.9914816225287586,101.74286007853598,0.33694667250523236,-1.0226470718823535
