hlr_1,e2_1,x0_1,flux_1,e1_1,y0_1
1.0206450457316625,-0.31407996696622636,0.99579575899615502,101.94738952078923,0.41324938972509884,-0.9741048053989001
