hlr_1,e2_1,x0_1,flux_1,e1_1,y0_1
1.000086724920235,-0.25699366090331682,0.94139142705202694,98.985367322514136,0.40777698417933705,-0.97577683960753392
