hlr_1,e2_1,x0_1,flux_1,e1_1,y0_1
1.0059319416510322,-0.31016789737888778,0.99445502232403271,100.93342669967156,0.37461431569117631,-1.00831208679576
