hlr_1,e2_1,x0_1,flux_1,e1_1,y0_1
1.0229423780461246,-0.36198766449897091,1.0133994415765786,101.52656401480272,0.43585753882849798,-0.98644160859209062
