hlr_1,e2_1,x0_1,flux_1,e1_1,y0_1
1.0201113082111495,-0.31844777098438209,0.99815529579396767,98.889220059996788,0.438527729173807,-0.98404641944067572
