hlr_1,e2_1,x0_1,flux_1,e1_1,y0_1
0.95436505496576873,-0.31037121720755567,0.99190314254195133,95.92371309403029,0.34099262942612718,-0.98976049390269472
