hlr_1,e2_1,x0_1,flux_1,e1_1,y0_1
0.99525269426983942,-0.31738078492124389,1.0102949041907037,99.710304147138771,0.40318045125822732,-0.99703785674251755
