hlr_1,e2_1,x0_1,flux_1,e1_1,y0_1
0.99545848771465262,-0.31160082925077531,0.98523082689465991,99.396207870912718,0.39204611048085369,-0.99114609734386372
