hlr_1,e2_1,x0_1,flux_1,e1_1,y0_1
1.002449289082775,-0.31494480842436773,1.0153112460075455,103.21374502274286,0.42360242327610664,-1.0133764074340839
