hlr_1,e2_1,x0_1,flux_1,e1_1,y0_1
1.04632703649688,-0.2695974135286982,1.0122489341161396,101.27629583546236,0.4250925538475403,-1.0031583238538646
