hlr_1,e2_1,x0_1,flux_1,e1_1,y0_1
0.9830551042310669,-0.34653043258638477,0.98920141727377153,98.316632028794714,0.44472816994540243,-0.98156291551491925
