hlr_1,e2_1,x0_1,flux_1,e1_1,y0_1
0.99193244912892764,-0.31334052540981006,0.9468894576428335,102.88901433514484,0.3747149131643992,-0.99493333678136642
