hlr_1,e2_1,x0_1,flux_1,e1_1,y0_1
0.99271680631810444,-0.26984368218175614,1.0227135054489507,99.704079848435526,0.42399153877129003,-0.96812759565535167
