hlr_1,e2_1,x0_1,flux_1,e1_1,y0_1
1.0157857616971215,-0.31134777945206166,0.99661894445047938,101.15034966868319,0.38763192134937374,-1.0038683112505811
