hlr_1,e2_1,x0_1,flux_1,e1_1,y0_1
1.0126149193178087,-0.25197934036823028,0.9875520736424992,103.68689755761498,0.41482275968734217,-0.96108319494964034
