hlr_1,e2_1,x0_1,flux_1,e1_1,y0_1
0.9881523696877883,-0.25667796255577424,0.97055310507842041,100.39505385570209,0.44300838963305633,-0.96918891356913539
