hlr_1,e2_1,x0_1,flux_1,e1_1,y0_1
1.004109507866374,-0.22757960459271553,1.0397415283581619,99.281825771026789,0.39010508596295157,-1.0153681643487089
