hlr_1,e2_1,x0_1,flux_1,e1_1,y0_1
0.95838861000967479,-0.3304867687548636,0.97817206785439037,97.038628896696423,0.35988245896265791,-0.99948021368427531
