hlr_1,e2_1,x0_1,flux_1,e1_1,y0_1
1.0244058770692668,-0.25649161337033727,1.032387989864211,99.758235615188454,0.41890708051591585,-1.0147623386162166
