hlr_1,e2_1,x0_1,flux_1,e1_1,y0_1
1.0003897405267259,-0.3308477168447419,0.97683480843284443,103.17814619894887,0.41171140507099069,-0.97155032082963366
