hlr_1,e2_1,x0_1,flux_1,e1_1,y0_1
1.0201751844978859,-0.29899868065818203,1.0130558520487369,101.75542669505954,0.40904357436885408,-1.0226872326868657
