hlr_1,e2_1,x0_1,flux_1,e1_1,y0_1
1.020804411565325,-0.31755032508316866,1.0201818365040545,101.63170281082422,0.4011676663009589,-0.9860668896007132
