hlr_1,e2_1,x0_1,flux_1,e1_1,y0_1
0.98650900735848057,-0.30447530833476649,0.93794111118443091,95.485238374274232,0.45350273424012522,-1.0025393800845288
