hlr_1,e2_1,x0_1,flux_1,e1_1,y0_1
1.0082070951259712,-0.25470780290716549,1.0085747832416834,100.77843850290965,0.48642529448845884,-0.97491768621260988
