hlr_1,e2_1,x0_1,flux_1,e1_1,y0_1
0.96991823941446609,-0.33539198804852272,0.99011922365216787,97.278044443328994,0.37936335788232833,-1.0280355067284317
