hlr_1,e2_1,x0_1,flux_1,e1_1,y0_1
0.99336532010354439,-0.28941393341738042,1.0201597350068239,100.81471985420423,0.41968503382106226,-0.99324500440317864
