hlr_1,e2_1,x0_1,flux_1,e1_1,y0_1
1.0265355746153584,-0.30830413858861822,0.99946246434589625,97.686897192485887,0.3987454705044895,-1.0047591249254491
