hlr_1,e2_1,x0_1,flux_1,e1_1,y0_1
0.99624833580665761,-0.31779283858206947,0.97891226011322274,100.35466615263798,0.37295881495305028,-1.0251053038109741
