hlr_1,e2_1,x0_1,flux_1,e1_1,y0_1
0.99203001928177192,-0.35104365032784268,0.99962744064914144,101.57329934498185,0.38902154879595985,-1.0101529790643968
