hlr_1,e2_1,x0_1,flux_1,e1_1,y0_1
0.98717766696847309,-0.36559968873142251,1.0121783298576874,99.806936385879141,0.41465082519483309,-1.027402068725936
