hlr_1,e2_1,x0_1,flux_1,e1_1,y0_1
1.0026567345235975,-0.3640533015060135,0.98212952528267206,100.47061032028876,0.42258562152966195,-0.99142287796919337
