hlr_1,e2_1,x0_1,flux_1,e1_1,y0_1
0.96989144920841364,-0.27557202486793386,0.99922101548723941,97.283688374296574,0.52773964311025834,-1.0257249941273132
