hlr_1,e2_1,x0_1,flux_1,e1_1,y0_1
0.96933891178255349,-0.31923023194110522,0.97727588148980615,95.072288401130336,0.38869853262672649,-0.9861226910031311
