hlr_1,e2_1,x0_1,flux_1,e1_1,y0_1
1.0188763436555646,-0.2821396820425992,0.99319433078394148,102.04510931423725,0.35660742101534493,-0.98813582144586531
