hlr_1,e2_1,x0_1,flux_1,e1_1,y0_1
0.99073340103989938,-0.30241150693701546,0.98612675047958209,100.6162931429695,0.45593468673435744,-0.99782444782482882
