hlr_1,e2_1,x0_1,flux_1,e1_1,y0_1
0.9691668724606064,-0.30772008512733795,0.97141250745317897,98.630906198110878,0.33142582860365111,-1.0143286909344891
