hlr_1,e2_1,x0_1,flux_1,e1_1,y0_1
0.99443137336356613,-0.33260173190405973,0.99449600012813733,95.52988222835674,0.38990843330005132,-0.99333247395273672
