hlr_1,e2_1,x0_1,flux_1,e1_1,y0_1
1.0111634645877405,-0.30175248857374148,0.99538660975658644,100.09812934246403,0.38022304441538002,-1.0036797874202761
