hlr_1,e2_1,x0_1,flux_1,e1_1,y0_1
0.97798922196692706,-0.31099580434237512,0.96039362504355008,99.574380473125899,0.3702478102747786,-0.97568089123066981
