hlr_1,e2_1,x0_1,flux_1,e1_1,y0_1
0.99535013781822901,-0.24970471695341734,0.94459495353471024,101.24703065588888,0.42270940371546972,-1.0062658524552353
