hlr_1,e2_1,x0_1,flux_1,e1_1,y0_1
1.0128367478765283,-0.33184882623605844,1.0062707636064347,100.65130810068977,0.45806436602576484,-0.97883609684262796
