hlr_1,e2_1,x0_1,flux_1,e1_1,y0_1
1.0190839973630434,-0.32448434875665128,1.0146735196425842,102.67885550607465,0.41084044486778382,-1.0333153777773938
