hlr_1,e2_1,x0_1,flux_1,e1_1,y0_1
1.0204293245589562,-0.31074114244037704,1.0285991285613907,100.95125191802008,0.39184813867110213,-1.0030566273858601
