hlr_1,e2_1,x0_1,flux_1,e1_1,y0_1
0.9848998436380223,-0.32046730713511856,1.021379766263216,99.126111117045724,0.48943457702933535,-1.0373746854964097
