hlr_1,e2_1,x0_1,flux_1,e1_1,y0_1
1.0120895871733881,-0.28646328310086056,1.0271913321043487,98.042875512898007,0.3996021420191993,-1.0183605906032507
