hlr_1,e2_1,x0_1,flux_1,e1_1,y0_1
1.0088316444982044,-0.33272279830234797,0.99610019330007038,100.28845245022312,0.51295977328384113,-0.97889371902043099
