hlr_1,e2_1,x0_1,flux_1,e1_1,y0_1
1.0290152188688606,-0.30077348311955432,1.0162804456069132,102.65670003577918,0.44457068186135063,-0.97087468774543861
