hlr_1,e2_1,x0_1,flux_1,e1_1,y0_1
1.0120568954735676,-0.36297411117635953,0.95662292152358663,102.20165996003743,0.36902720875579886,-0.98822892872829415
