hlr_1,e2_1,x0_1,flux_1,e1_1,y0_1
0.97083651307658858,-0.29300724015654239,1.0180912208605983,98.136177739991325,0.41984252372408348,-1.0214248826771244
