hlr_1,e2_1,x0_1,flux_1,e1_1,y0_1
0.99334556026838139,-0.33228389696427824,0.97209118063641409,98.968430165130215,0.36467674743080947,-0.96066830558386496
