hlr_1,e2_1,x0_1,flux_1,e1_1,y0_1
1.0049029563329088,-0.30037668083013336,0.9991497489176373,97.947572578646728,0.40436711733447139,-0.99035653602036788
