hlr_1,e2_1,x0_1,flux_1,e1_1,y0_1
1.0259024269525883,-0.30596622882041558,0.99146868798966636,103.75498621640443,0.37332441280797091,-0.99030894588762042
