hlr_1,e2_1,x0_1,flux_1,e1_1,y0_1
0.99407797959129018,-0.28190253297091189,1.0045623278823328,100.18935310260935,0.37465886909098467,-0.98633918702576517
