hlr_1,e2_1,x0_1,flux_1,e1_1,y0_1
1.0390952990189257,-0.39242579433442393,1.0209483021899635,102.65860382877631,0.36654425452074646,-1.0262848560208129
