hlr_1,e2_1,x0_1,flux_1,e1_1,y0_1
0.9887383397181797,-0.2744170828075419,0.99069006553297179,98.233752610073211,0.40457911740860686,-0.98665296083207643
