hlr_1,e2_1,x0_1,flux_1,e1_1,y0_1
0.97797238176138235,-0.27289315104536632,1.0361847504423274,97.172910755763752,0.53801103591577593,-0.99641555314362318
