hlr_1,e2_1,x0_1,flux_1,e1_1,y0_1
1.0035010115517995,-0.35897019473188335,1.0040159000750704,102.49061989300047,0.39025826253697637,-0.99898787587040783
