hlr_1,e2_1,x0_1,flux_1,e1_1,y0_1
0.99768284723537182,-0.29063027313131817,0.97650032326763636,101.49840722014147,0.43885041479566511,-0.98071916396073622
