hlr_1,e2_1,x0_1,flux_1,e1_1,y0_1
0.99508834875484631,-0.2993646651898289,0.9566833012103757,100.00580332642332,0.36455612750760924,-0.9741525247763323
