hlr_1,e2_1,x0_1,flux_1,e1_1,y0_1
1.0191178665288665,-0.326339259151811,0.98356944734434748,101.67847705807776,0.41364386088622407,-0.98908358008946085
