hlr_1,e2_1,x0_1,flux_1,e1_1,y0_1
0.98547452954513282,-0.28108184327121172,1.0420161654486044,96.27214611897783,0.42869397545454713,-1.0205917804285582
