hlr_1,e2_1,x0_1,flux_1,e1_1,y0_1
1.0125344297824266,-0.29352355608542502,0.9888824290223992,98.628096063904607,0.42336059810266335,-1.016024913934555
