hlr_1,e2_1,x0_1,flux_1,e1_1,y0_1
0.9958793219311044,-0.28075611005042894,1.0255811232161998,99.441618238297011,0.37502839644922448,-0.9922081764845383
