hlr_1,e2_1,x0_1,flux_1,e1_1,y0_1
1.0032903226568695,-0.36692875728540658,1.0049745834350841,100.69508633014577,0.484854255773008,-1.008360667869697
