hlr_1,e2_1,x0_1,flux_1,e1_1,y0_1
0.99171674004473997,-0.30081614844123367,0.99866717041484154,100.19237814093751,0.4248005806494759,-0.99591857936667605
