hlr_1,e2_1,x0_1,flux_1,e1_1,y0_1
0.99691903640728019,-0.32104865304716151,1.010390145573508,101.35205637906923,0.39134719796728645,-0.99112830119653061
