hlr_1,e2_1,x0_1,flux_1,e1_1,y0_1
1.0593829194020565,-0.34961754456311506,1.0495413642906923,107.03446253435249,0.3828444336703174,-0.9887977905365366
