hlr_1,e2_1,x0_1,flux_1,e1_1,y0_1
1.0530288296072396,-0.26622099265836907,1.003371478414457,106.94620815886442,0.35191480261422936,-1.0187320589892916
