hlr_1,e2_1,x0_1,flux_1,e1_1,y0_1
1.0121805439067502,-0.28935047451073415,1.012227438808929,98.61165064351222,0.47595485448025765,-0.99120451531197773
