hlr_1,e2_1,x0_1,flux_1,e1_1,y0_1
0.99043220081677918,-0.29738586264970657,0.97879259355693016,98.684854022405091,0.38828919433477527,-1.0115539814752044
