hlr_1,e2_1,x0_1,flux_1,e1_1,y0_1
0.98494550089432842,-0.30266898529993774,1.0341012730375949,99.755595031165129,0.37146925774280959,-1.0012694262959094
