hlr_1,e2_1,x0_1,flux_1,e1_1,y0_1
1.0250801848218165,-0.33900559502864058,1.0420191348988794,100.51720247975733,0.39871803799515826,-0.98635263351270019
