hlr_1,e2_1,x0_1,flux_1,e1_1,y0_1
0.97011405498418002,-0.32909961539252197,1.0124223532555723,95.924821303177879,0.41299144352068073,-0.99450748112661813
