hlr_1,e2_1,x0_1,flux_1,e1_1,y0_1
0.95917556736847542,-0.36669671795697378,1.0010282045479535,96.454685500113285,0.39876332295148864,-0.99696803310075444
