hlr_1,e2_1,x0_1,flux_1,e1_1,y0_1
1.0236392356416872,-0.25888360381446279,1.0209434539247919,101.33285461003608,0.45077683395748069,-1.0165064211915462
