hlr_1,e2_1,x0_1,flux_1,e1_1,y0_1
1.0286699537718778,-0.31110363327805196,0.99416149596742276,101.10256389167679,0.42538893969594516,-1.0344849491792751
