hlr_1,e2_1,x0_1,flux_1,e1_1,y0_1
0.98683254193488246,-0.26845520876888113,0.98985726677625419,98.464386786066726,0.38214715359384588,-0.98561330616209153
