hlr_1,e2_1,x0_1,flux_1,e1_1,y0_1
1.0029085540516012,-0.27799974446211251,0.98932527962658234,101.35214790300965,0.5459123070039682,-0.98224627741632187
