hlr_1,e2_1,x0_1,flux_1,e1_1,y0_1
1.0114633074508514,-0.3007619212280172,0.99884635361662433,103.32742613800224,0.42018216462957581,-0.98765879813701263
