hlr_1,e2_1,x0_1,flux_1,e1_1,y0_1
0.95995908895223292,-0.27672060738747056,0.99227003352764065,99.10085008460473,0.36333052307657954,-0.98203047289211076
