hlr_1,e2_1,x0_1,flux_1,e1_1,y0_1
1.0289640892142016,-0.29223203363824052,1.0043116827805765,101.09077004226212,0.38213088620776814,-1.024891801743792
