hlr_1,e2_1,x0_1,flux_1,e1_1,y0_1
0.98693502815234546,-0.33095270516126896,0.96077534956720534,100.42922411243963,0.50346014110786519,-0.97133366206294447
