hlr_1,e2_1,x0_1,flux_1,e1_1,y0_1
1.0222206315505749,-0.24528665789987092,1.0449899958240669,103.94503075407833,0.36927871605692464,-1.025791345511033
