hlr_1,e2_1,x0_1,flux_1,e1_1,y0_1
0.99371895305229652,-0.30990873004660158,0.98156190655883169,99.938905871798013,0.37990296010065139,-0.98730330569496383
