hlr_1,e2_1,x0_1,flux_1,e1_1,y0_1
0.99792357606474269,-0.34439299407876961,1.0001793278599553,98.176911960734699,0.37919935750914746,-1.0006369753191451
