hlr_1,e2_1,x0_1,flux_1,e1_1,y0_1
1.0052656540538409,-0.32978389908239314,0.95801329573051319,102.72934615510111,0.4037408808460794,-0.99051209180680599
