hlr_1,e2_1,x0_1,flux_1,e1_1,y0_1
1.0009129762389826,-0.29958974941996525,1.0237082363557581,99.908476531860472,0.3917527419307687,-1.0253004917738893
