hlr_1,e2_1,x0_1,flux_1,e1_1,y0_1
0.98511777161461955,-0.3033267214298927,0.98932722409600959,98.004438705001476,0.4116655100931228,-0.97353843502604809
