hlr_1,e2_1,x0_1,flux_1,e1_1,y0_1
0.98274399677751334,-0.32826581146497125,1.005825216121667,97.51325916378984,0.38672954830343764,-0.98085594592101666
