hlr_1,e2_1,x0_1,flux_1,e1_1,y0_1
0.97137238231981149,-0.31564463652773622,0.99845210807679319,95.970254734989595,0.46595453173205637,-0.99357472376807365
