hlr_1,e2_1,x0_1,flux_1,e1_1,y0_1
0.9775182020712998,-0.29386805142123185,1.0226974065851531,98.85251444900679,0.40966284787998308,-0.99052998075260801
