hlr_1,e2_1,x0_1,flux_1,e1_1,y0_1
0.97371891735470073,-0.28227763944240269,0.97808940363355745,96.719675178394525,0.44223774592769072,-0.98737319468482765
