hlr_1,e2_1,x0_1,flux_1,e1_1,y0_1
0.96043961174631343,-0.33218835624726162,0.98343132416211443,94.34266843874309,0.43534957890823001,-0.99080384679043121
