hlr_1,e2_1,x0_1,flux_1,e1_1,y0_1
1.0319201588967268,-0.23960550792506713,1.0024965325461919,100.91521343004018,0.39132554982699341,-0.98896267797673509
