hlr_1,e2_1,x0_1,flux_1,e1_1,y0_1
1.0094160506319763,-0.30355489628402499,0.99241937614343634,99.894343044254271,0.43845690010259775,-1.0160719105506257
