hlr_1,e2_1,x0_1,flux_1,e1_1,y0_1
0.99789959302032205,-0.2912267380977363,1.0185961693173873,101.44945224013649,0.46179239322071886,-1.0206217744371355
