hlr_1,e2_1,x0_1,flux_1,e1_1,y0_1
0.99895669969533163,-0.24828566238257316,1.0234712777382198,98.807892787676096,0.35791709772832059,-1.0323376669336595
