hlr_1,e2_1,x0_1,flux_1,e1_1,y0_1
0.99043160325365531,-0.30086789462358648,0.98083419832236807,99.007826792174527,0.41106047707388638,-0.97471096524037737
