hlr_1,e2_1,x0_1,flux_1,e1_1,y0_1
1.0101545712172082,-0.29931774103069747,1.0427430826461714,99.485925046261542,0.39260799476392738,-1.0229908738014726
