hlr_1,e2_1,x0_1,flux_1,e1_1,y0_1
0.98549759727900832,-0.28313317074384298,0.99995879999396031,96.823513670465431,0.38901220485416399,-1.0295206603686666
