hlr_1,e2_1,x0_1,flux_1,e1_1,y0_1
1.0044831557732419,-0.27846446217935061,0.99119099376657793,103.25484666939242,0.39987268597943282,-0.99315860383230081
