hlr_1,e2_1,x0_1,flux_1,e1_1,y0_1
0.99499849788836592,-0.29760651539177357,1.0168204812898241,100.01845869866689,0.39913997386365097,-0.9925313758105383
