hlr_1,e2_1,x0_1,flux_1,e1_1,y0_1
1.0138875342495153,-0.27674769085860002,1.0402167197861925,101.16696410082555,0.42312055023424522,-0.98214428522208497
