hlr_1,e2_1,x0_1,flux_1,e1_1,y0_1
0.98560959980794394,-0.32762394191080374,1.0013772070449356,98.510603844249914,0.37494180047067283,-1.0087809421099254
