hlr_1,e2_1,x0_1,flux_1,e1_1,y0_1
1.0060668980748857,-0.2360757470347517,0.98453627387254006,101.05025026783846,0.35558074669026585,-0.97010635049321836
