hlr_1,e2_1,x0_1,flux_1,e1_1,y0_1
0.97754617618820361,-0.33813996737120544,0.97309317886044422,99.932454548893503,0.40717715191650572,-1.0130365023438879
