hlr_1,e2_1,x0_1,flux_1,e1_1,y0_1
0.98690051823724523,-0.16289834378099299,0.96951401489916389,99.233332082792856,0.52493199320483952,2.0168094958188174
