hlr_1,e2_1,x0_1,flux_1,e1_1,y0_1
1.0135659692567329,-0.25579928882718561,0.99207002924141463,98.284672983665573,0.50697368167890078,1.9932029638604742
