hlr_1,e2_1,x0_1,flux_1,e1_1,y0_1
1.0473853124883519,-0.22151377077344053,0.97412735546503537,103.86196941850757,0.47838888421209735,2.0141163310256669
