hlr_1,e2_1,x0_1,flux_1,e1_1,y0_1
1.0181877614993109,-0.15845958558414286,0.99394893352108316,103.04846663626682,0.51818878366789245,2.0026005700707818
