hlr_1,e2_1,x0_1,flux_1,e1_1,y0_1
0.98423490252869383,-0.15124918922767483,0.99900707742558215,97.795149296012241,0.51998598245816874,1.9934005702338897
