hlr_1,e2_1,x0_1,flux_1,e1_1,y0_1
0.99355894800091216,-0.17422590117834968,0.9748077344120043,100.01050081532743,0.4734478472158945,2.003087190242745
