hlr_1,e2_1,x0_1,flux_1,e1_1,y0_1
1.0234885540607612,-0.13325272579705971,1.0518355996388662,100.9441218055683,0.5214591226041112,1.9860754437101811
