hlr_1,e2_1,x0_1,flux_1,e1_1,y0_1
0.99141616243873232,-0.23270135906782996,0.96685967105380222,96.880480982173978,0.5048377665196202,2.0160269237271935
