hlr_1,e2_1,x0_1,flux_1,e1_1,y0_1
1.0146907666513569,-0.19078348324256289,0.99677357958851687,103.28918848863198,0.51612545200899262,1.979818867774898
