hlr_1,e2_1,x0_1,flux_1,e1_1,y0_1
1.0014559029058496,-0.158431929290486,0.97228511855964683,100.26798347179059,0.53899080253851461,2.0063759836973833
