x0,y0,flux,hlr,e1,e2
1.9939978752854413,0.97606482639899639,102.04132865490145,1.018089175293365,0.52340934575249642,0.32596973464185042
