x0,y0,flux,hlr,e1,e2
1.9970450696977367,0.99367015572653528,100.00454073396889,0.98795391665075005,0.53553599132248175,0.34301968061972699
