x0,y0,flux,hlr,e1,e2
2.0463142075748699,1.0006526019204263,97.935016656052667,0.98202549497785618,0.51431023169255075,0.31324973048926608
