hlr_1,e2_1,x0_1,flux_1,e1_1,y0_1
0.99377947859683391,-0.2595451362339794,0.95326048497551152,99.321822872233469,0.49415634392014085,2.017951531279734
