hlr_1,e2_1,x0_1,flux_1,e1_1,y0_1
1.0108288361603162,-0.32267921185826065,0.96868425575471306,103.00830517085755,0.50019929810147712,2.0285075418461762
