hlr_1,e2_1,x0_1,flux_1,e1_1,y0_1
0.99780683395603331,-0.3316305310570834,1.0074151155556823,97.298886639859163,0.49149542714198091,2.0056743583732572
