hlr_1,e2_1,x0_1,flux_1,e1_1,y0_1
1.007781034812643,-0.2920560886139324,1.0377487477741063,103.53967439693022,0.50510145812642393,1.9770797961664925
