hlr_1,e2_1,x0_1,flux_1,e1_1,y0_1
1.0083064363476861,-0.25807190855037104,1.0083616166903457,101.12411372974054,0.51610372928932557,2.0323133490744478
