hlr_1,e2_1,x0_1,flux_1,e1_1,y0_1
0.98735952005989547,-0.27657861787205046,1.0225312200139252,97.89011750695893,0.48246576362347038,2.0098216249680148
