hlr_1,e2_1,x0_1,flux_1,e1_1,y0_1
0.99978282640624783,-0.25750037944232829,0.97248278074011019,99.955234661134455,0.53326925599619979,2.0090220591785917
