hlr_1,e2_1,x0_1,flux_1,e1_1,y0_1
0.98719830188787383,-0.35514391634617704,1.0030579505736927,100.02692854024511,0.51000462511201139,2.0086908184764987
