hlr_1,e2_1,x0_1,flux_1,e1_1,y0_1
0.98091096701751446,-0.36105308449614265,0.97024430386920191,102.00472748761807,0.48794629964659886,1.9921726155052877
