hlr_1,e2_1,x0_1,flux_1,e1_1,y0_1
1.0469566080150186,-0.32375186915288973,0.97160262595659308,103.92109681882772,0.48139725755281826,2.016339487953271
