hlr_1,e2_1,x0_1,flux_1,e1_1,y0_1
0.99791866829414633,-0.2902960750167658,0.98599715805769517,103.53341512326523,0.5056022188970426,2.0270310723258138
