hlr_1,e2_1,x0_1,flux_1,e1_1,y0_1
1.0139754138651003,-0.28482653380183831,0.99588158367114676,103.1681547850102,0.51428374007527289,1.9791419115645654
