hlr_1,e2_1,x0_1,flux_1,e1_1,y0_1
1.0319151085291107,-0.29359142797272147,0.99073719440278385,104.63128721778581,0.50470257808371533,1.97623777656157
