hlr_1,e2_1,x0_1,flux_1,e1_1,y0_1
0.95456053710590716,-0.25498590257716885,1.0108865929955275,94.575018035082707,0.545197716604789,1.9964140403156607
