hlr_1,e2_1,x0_1,flux_1,e1_1,y0_1
0.98824818278513815,-0.31247178188193886,0.95871604852697168,101.12145863349051,0.49304648887480473,2.0156822792433218
