hlr_1,e2_1,x0_1,flux_1,e1_1,y0_1
1.0175334506750415,-0.33037801064184263,1.0103236658478369,99.368169197861263,0.46520837152424166,1.9783383854040233
