hlr_1,e2_1,x0_1,flux_1,e1_1,y0_1
0.97966506351191329,-0.32913483422999756,0.96670417487267368,98.370852223151786,0.51142756592502114,2.0022507269635028
