hlr_1,e2_1,x0_1,flux_1,e1_1,y0_1
0.98094486195925845,-0.31033476599453441,0.9564969712033724,99.639276327576269,0.53098093451410988,2.0262965472913903
