hlr_1,e2_1,x0_1,flux_1,e1_1,y0_1
1.0141886568947882,-0.32353427150129815,1.0526135287407357,100.29438959115254,0.47899020447959262,1.9965886829440409
