hlr_1,e2_1,x0_1,flux_1,e1_1,y0_1
1.0099004403993779,-0.31864434872635261,1.0021510761052923,99.566960712582244,0.53503403988362286,2.0117554674965845
