hlr_1,e2_1,x0_1,flux_1,e1_1,y0_1
1.0048042239539159,-0.3059292230510206,1.0251832062411523,99.840585522798776,0.47593872767545742,1.9880540367158126
