hlr_1,e2_1,x0_1,flux_1,e1_1,y0_1
0.98385750727192778,-0.25114215676429091,0.99835793743339973,97.576222627963006,0.51800762745206197,1.9942200537359458
