hlr_1,e2_1,x0_1,flux_1,e1_1,y0_1
0.98516167179734393,-0.29547389488948933,0.97772741656242435,99.489634323085127,0.51370114230076358,2.0660110788331068
