hlr_1,e2_1,x0_1,flux_1,e1_1,y0_1
0.99606315532381617,-0.22866149941636715,0.99834204726474951,96.526437668097344,0.53235888707284418,2.0055670914375137
