hlr_1,e2_1,x0_1,flux_1,e1_1,y0_1
0.98438930413440695,-0.36257545027426996,0.98468518442411312,94.05839559173431,0.46435565052231031,1.989831330244626
