hlr_1,e2_1,x0_1,flux_1,e1_1,y0_1
1.0012688304477111,-0.26631830862887357,0.97194481733600835,103.47390982586181,0.47052225017343785,2.0203107144167882
