hlr_1,e2_1,x0_1,flux_1,e1_1,y0_1
1.0032438949240272,-0.2596547156797121,0.97580235543809657,99.5542968009634,0.5014766078165942,2.0181611744433727
