hlr_1,e2_1,x0_1,flux_1,e1_1,y0_1
1.0111125706081232,-0.35518490612576764,0.99553394469210144,98.300694244060992,0.50301005047328529,1.9943161735819732
