hlr_1,e2_1,x0_1,flux_1,e1_1,y0_1
0.99530934917873282,-0.27869186271858881,0.97668972380424801,100.6002988731782,0.50140101852282526,1.9912604297489507
