hlr_1,e2_1,x0_1,flux_1,e1_1,y0_1
0.99669517594206281,-0.30228126670863664,1.010137866080278,98.864610066034871,0.48855153428496645,2.0226242026087506
