hlr_1,e2_1,x0_1,flux_1,e1_1,y0_1
0.99105144941729884,-0.30721320733608726,0.99308948909560346,98.348096584825257,0.51704593597433024,2.0172243380349011
