hlr_1,e2_1,x0_1,flux_1,e1_1,y0_1
0.98974793867607813,-0.33219810575550018,0.96803804806338523,96.864151867431218,0.50205762766182249,2.0167339948231122
