hlr_1,e2_1,x0_1,flux_1,e1_1,y0_1
0.96777929275959651,-0.35376320592079163,0.99319651285737542,95.658491167016521,0.50904994791508451,1.9958438046169782
