hlr_1,e2_1,x0_1,flux_1,e1_1,y0_1
0.98178674999650761,-0.29508460151257176,1.0021846065463302,98.291873437995918,0.50394260596188989,1.9932197172196524
