hlr_1,e2_1,x0_1,flux_1,e1_1,y0_1
0.9850948466708187,-0.27136807635156396,0.96784195100397863,98.977264714809635,0.52367283107576101,2.0194806184163481
