hlr_1,e2_1,x0_1,flux_1,e1_1,y0_1
1.0086620878790251,-0.2950069809319158,0.9790293513843169,99.83401603027653,0.50130264403527725,1.9940581210305579
