hlr_1,e2_1,x0_1,flux_1,e1_1,y0_1
1.03007585191575,-0.32697128855313012,0.97902193607187282,103.9526978629043,0.45307457059136236,1.9813050254947164
