hlr_1,e2_1,x0_1,flux_1,e1_1,y0_1
0.99257082145379205,-0.27514043756572215,0.97274217926663908,99.800338790754338,0.47304987206154503,2.0046103637323132
