hlr_1,e2_1,x0_1,flux_1,e1_1,y0_1
0.98677226277371877,-0.31251817228657852,0.98006676961785999,99.663729667326251,0.52366934370452145,2.0156279427844233
