hlr_1,e2_1,x0_1,flux_1,e1_1,y0_1
1.0364183926462434,-0.24900467902744922,1.0024167845845247,102.17632665767616,0.50980560504125938,2.000848059109364
