hlr_1,e2_1,x0_1,flux_1,e1_1,y0_1
1.0188534631133654,-0.26057028264040161,0.99349447515322264,102.956834953769,0.51707154534694588,2.0020007110998588
