hlr_1,e2_1,x0_1,flux_1,e1_1,y0_1
0.98299629613963369,-0.31627051440966286,1.020739173877546,99.745646178355457,0.47747794290431589,2.0157993402911814
