hlr_1,e2_1,x0_1,flux_1,e1_1,y0_1
1.0082408424888114,-0.28849201791953361,1.0012061184440499,101.03216581574513,0.49998328743240261,2.0103178866882594
