hlr_1,e2_1,x0_1,flux_1,e1_1,y0_1
1.0321160483086214,-0.30045435103819396,1.0117370313380274,102.86823614063678,0.50195244526750016,1.9917877136444915
