hlr_1,e2_1,x0_1,flux_1,e1_1,y0_1
0.97937516524364465,-0.33996760697551004,0.94512397553697358,96.493875288213928,0.43370851813021738,1.9882863587562802
