hlr_1,e2_1,x0_1,flux_1,e1_1,y0_1
1.0129620743637395,-0.31120413904366634,0.99821148320666975,100.18786703780374,0.47141775390816454,1.9919123563257219
