hlr_1,e2_1,x0_1,flux_1,e1_1,y0_1
0.98710746082470413,-0.35254110434441049,0.97013340307368345,99.624493403617763,0.46421812707040866,2.028246909728729
