hlr_1,e2_1,x0_1,flux_1,e1_1,y0_1
1.0126055549280193,-0.29149696480758858,1.0331851010184945,101.18573455648179,0.47502030110232241,1.9828444395345395
