hlr_1,e2_1,x0_1,flux_1,e1_1,y0_1
0.98807000595313865,-0.27117257551161239,0.96186125498508623,95.300438833901509,0.49259314106596186,2.0186196255752256
