hlr_1,e2_1,x0_1,flux_1,e1_1,y0_1
1.0089794137783228,-0.29467712061900542,1.0390539399883059,98.882362268051892,0.50552253371569678,1.9931266418698712
