hlr_1,e2_1,x0_1,flux_1,e1_1,y0_1
0.97342424936461658,-0.26870325499431025,1.0097495082167827,95.797276864040697,0.45623832586207436,-1.0171249809889216
