hlr_1,e2_1,x0_1,flux_1,e1_1,y0_1
0.99317197259517176,-0.30534841820672376,1.0010776946905615,102.07199820406578,0.45454549076654427,-0.99752706818285874
