hlr_1,e2_1,x0_1,flux_1,e1_1,y0_1
1.0214394265578326,-0.25521935192790185,0.99459298684351705,100.69890881297931,0.38629307303168403,-0.98658032981258525
