hlr_1,e2_1,x0_1,flux_1,e1_1,y0_1
0.98674067426064083,-0.3385885286291046,0.99522946678568047,93.497564421106162,0.37680110136855771,-1.0193483631624582
