hlr_1,e2_1,x0_1,flux_1,e1_1,y0_1
1.0002074051304186,-0.31822524385776413,0.97767430320655802,99.266124662284525,0.35128931269405261,-1.0305315834259798
