hlr_1,e2_1,x0_1,flux_1,e1_1,y0_1
0.99393537333690385,-0.40027891098344748,1.0276402060730438,98.522270022963681,0.35113700301567752,-1.0150753215292685
