hlr_1,e2_1,x0_1,flux_1,e1_1,y0_1
0.97845931751946025,-0.3496464697682049,0.99423249938507841,97.85595202456642,0.39904602276474743,-0.99472676241429392
