hlr_1,e2_1,x0_1,flux_1,e1_1,y0_1
1.0220005654288418,-0.27520505754605451,1.0244013013974165,102.9034551833154,0.38431701538576535,-1.0366153953744544
