hlr_1,e2_1,x0_1,flux_1,e1_1,y0_1
0.98200957509008546,-0.28702869608653497,0.9936558259513637,102.14632238153128,0.48096483669629531,-0.971081868766833
