hlr_1,e2_1,x0_1,flux_1,e1_1,y0_1
1.0052695397072307,-0.28510938244705075,1.0024026496630132,100.95284375856949,0.37504821313564651,-1.0034431549394318
