hlr_1,e2_1,x0_1,flux_1,e1_1,y0_1
1.0115905093031992,-0.34453578003078139,1.0184771172201961,100.44745594625887,0.43053502181719039,-0.95824756069466721
