hlr_1,e2_1,x0_1,flux_1,e1_1,y0_1
0.98156188280949608,-0.20061597855603674,0.97728747281289863,97.59618907913574,0.3859610094883299,-1.0310123220923888
