hlr_1,e2_1,x0_1,flux_1,e1_1,y0_1
1.0218238597831859,-0.30507060352802701,0.98824588606454533,102.23266391670276,0.38918806477601775,-1.0118556945530814
