hlr_1,e2_1,x0_1,flux_1,e1_1,y0_1
0.97866187634375912,-0.315750692268014,0.99958845650520534,98.502453667073425,0.42536294765662164,-1.019645155981082
