hlr_1,e2_1,x0_1,flux_1,e1_1,y0_1
1.0033466729918916,-0.28774488605796622,0.99270783358579795,101.01317155284924,0.36615594529323792,-0.9667107283906673
