hlr_1,e2_1,x0_1,flux_1,e1_1,y0_1
1.0067072003231265,-0.31719642247863461,1.031728010013059,101.25903719835475,0.37659773796353235,-1.0068266711761753
