hlr_1,e2_1,x0_1,flux_1,e1_1,y0_1
0.9757249353253552,-0.32028174923621561,1.0265362751335223,96.02338766617504,0.42458967292150507,-1.0158215141714617
