hlr_1,e2_1,x0_1,flux_1,e1_1,y0_1
1.0126722408949989,-0.28649538263567259,1.0436204183187368,101.84459837820641,0.40385302199149797,-1.0129825226130169
