hlr_1,e2_1,x0_1,flux_1,e1_1,y0_1
0.99565914094102959,-0.32990449202273953,1.0178088607170626,96.008876457376076,0.33320846647898494,-1.0043177591943593
