hlr_1,e2_1,x0_1,flux_1,e1_1,y0_1
1.0129089230232684,-0.3445807772781897,0.97718132763435595,101.0898426240867,0.39188783384807291,-0.991418944860603
