hlr_1,e2_1,x0_1,flux_1,e1_1,y0_1
1.0054980374855425,-0.26475825960865357,0.97610002028331344,101.17539864908647,0.40554660952763921,-1.0107006605579185
