hlr_1,e2_1,x0_1,flux_1,e1_1,y0_1
0.97531389421439774,-0.35599743203286927,0.97974887998861604,97.292934969974169,0.38428071472951442,-0.95740227168595915
