hlr_1,e2_1,x0_1,flux_1,e1_1,y0_1
1.06945398540276,-0.35267791770316465,0.94356752402116317,102.30344635814986,0.37054229758611545,-0.98683878006851389
