hlr_1,e2_1,x0_1,flux_1,e1_1,y0_1
1.0116003500592505,-0.2944116107643856,0.95856126040785572,100.0949080915882,0.41359475839230186,-0.99211996417291148
