hlr_1,e2_1,x0_1,flux_1,e1_1,y0_1
0.97896104225455494,-0.33747992291754164,1.0125882603590961,98.958432759734649,0.34973975387598921,-0.98116736291491202
