hlr_1,e2_1,x0_1,flux_1,e1_1,y0_1
1.0313309418042627,-0.33493252293091352,0.98225377590501051,103.41978691505419,0.34443574554253975,-1.0103016055920908
