hlr_1,e2_1,x0_1,flux_1,e1_1,y0_1
1.0039538677624087,-0.26770516559516377,0.991127124317976,101.76074746700237,0.35253955557910177,-1.0097901294755465
