hlr_1,e2_1,x0_1,flux_1,e1_1,y0_1
0.9949816067080357,-0.31116485273686306,1.0526350283137198,98.957565364064266,0.35539813626108807,-0.99255786659573619
