hlr_1,e2_1,x0_1,flux_1,e1_1,y0_1
1.0271548234229932,-0.28320070957165772,1.0099329824066379,101.78561378571696,0.37620596579142984,-0.96092118071428656
