hlr_1,e2_1,x0_1,flux_1,e1_1,y0_1
1.0037513156273619,-0.30232825842805511,0.94999079444250345,97.284912688556119,0.36662716892463565,-0.99307866906989384
