hlr_1,e2_1,x0_1,flux_1,e1_1,y0_1
0.99353068615182982,-0.30792379230059397,0.9946902130602302,102.74388199231922,0.44166345975235499,-0.99199308995604918
