hlr_1,e2_1,x0_1,flux_1,e1_1,y0_1
0.99882475647787783,-0.24400197886048086,0.99053634309932903,100.14642059001926,0.38071730862676856,-0.99311071947379936
