hlr_1,e2_1,x0_1,flux_1,e1_1,y0_1
0.98182859995869598,-0.31672900019448214,0.95455288405889949,100.07212008335036,0.34872945264597188,-0.97723471864339873
