hlr_1,e2_1,x0_1,flux_1,e1_1,y0_1
0.98659316856784884,-0.33220200701852981,0.99991220057898023,99.043055737049343,0.4016251629904557,-1.0032962013173612
