hlr_1,e2_1,x0_1,flux_1,e1_1,y0_1
0.99239521028464028,-0.26151413423666892,0.99523707312235032,99.960115946078034,0.40987461195288377,-1.0184742567793381
