hlr_1,e2_1,x0_1,flux_1,e1_1,y0_1
1.0065886672794875,-0.32050472404343039,1.0611529167835734,95.901491861683752,0.39116819511962841,-1.0207218054441922
