hlr_1,e2_1,x0_1,flux_1,e1_1,y0_1
0.98006352102053018,-0.3119217174320853,0.98880216998654014,98.721669703792955,0.35956623904161544,-0.97642463109225019
