hlr_1,e2_1,x0_1,flux_1,e1_1,y0_1
0.97622935868424654,-0.35437933006369254,1.0461936847119828,99.606559253432991,0.37910560243340807,-0.98120328222121778
