hlr_1,e2_1,x0_1,flux_1,e1_1,y0_1
1.0111008632887057,-0.35048245047188553,1.0126296903010159,100.51400412696327,0.33365602379655823,-0.98250745887530977
