hlr_1,e2_1,x0_1,flux_1,e1_1,y0_1
0.97982208585223396,-0.31277235734269299,0.9345485301718135,102.04086034018978,0.45872084596129192,-0.97162095423082206
