hlr_1,e2_1,x0_1,flux_1,e1_1,y0_1
0.99315730954052617,-0.3057264900366613,0.93913697891857328,99.676816152446435,0.37607162531115779,-0.97350899592794926
