hlr_1,e2_1,x0_1,flux_1,e1_1,y0_1
0.98495521189953616,-0.22061532006385987,0.99649014080119969,97.918815225391228,0.45718128872880381,-1.017053217909158
