hlr_1,e2_1,x0_1,flux_1,e1_1,y0_1
1.0114537152043486,-0.32144255875380573,1.0170661820787839,100.70790319902501,0.43487542716495153,-1.0109371335222184
