hlr_1,e2_1,x0_1,flux_1,e1_1,y0_1
0.99450971561124391,-0.25872215498384932,1.0119533556371003,99.275225002624836,0.45411680058746451,-0.96051719604563113
