hlr_1,e2_1,x0_1,flux_1,e1_1,y0_1
1.0133196006274163,-0.22883578293650098,0.98784788915079336,101.37216760251812,0.40498837355631467,-0.96225242790236232
