hlr_1,e2_1,x0_1,flux_1,e1_1,y0_1
1.0116935227200772,-0.29793773794618222,1.0202857563542169,100.70369690747091,0.42949374533273299,-0.99560935992573496
