hlr_1,e2_1,x0_1,flux_1,e1_1,y0_1
0.97845723834069354,-0.27108072952415746,1.001954572677171,95.525596405703809,0.39230660026054154,-1.0291537250939697
