hlr_1,e2_1,x0_1,flux_1,e1_1,y0_1
1.0303392094828827,-0.29192286268058121,0.984568567392337,103.57931105701945,0.36724997403979653,-1.0256196477555637
