hlr_1,e2_1,x0_1,flux_1,e1_1,y0_1
0.99009921498766373,-0.32480936957999562,0.96086310819040754,100.64222127895373,0.40097157985035814,-0.97253927780741556
