hlr_1,e2_1,x0_1,flux_1,e1_1,y0_1
1.0010261136281788,-0.31159580993415098,0.99893392799917446,102.49464107819324,0.36543189935344444,-1.0018354499225119
