hlr_1,e2_1,x0_1,flux_1,e1_1,y0_1
0.97591537160903652,-0.33430120947800851,1.0178867623552197,95.733884328040617,0.4181890976885716,-1.0433637182816002
