hlr_1,e2_1,x0_1,flux_1,e1_1,y0_1
0.99800575779634948,-0.32104679072677778,0.98528465966460121,102.25401567336016,0.43086824703873705,-1.0279170445147487
