hlr_1,e2_1,x0_1,flux_1,e1_1,y0_1
1.0076708906245719,-0.32729715455111574,1.0193300963631104,97.310333670090941,0.34087148084463026,-0.97037480359130912
