hlr_1,e2_1,x0_1,flux_1,e1_1,y0_1
0.99389892481873843,-0.29910958595162168,1.0366978126011093,101.75775412086442,0.40667654146298671,-1.0128196649974668
