hlr_1,e2_1,x0_1,flux_1,e1_1,y0_1
0.97019200710237552,-0.26811476023356479,0.98050468962405279,99.12058410792514,0.43680922464902094,-0.99331288400628548
