hlr_1,e2_1,x0_1,flux_1,e1_1,y0_1
1.0001108325505106,-0.31127952921450808,1.0043267627180938,100.17420545889676,0.4246925841104352,-0.98457465523336429
