hlr_1,e2_1,x0_1,flux_1,e1_1,y0_1
0.99633678110118118,-0.32915760254631832,0.98948328303447664,95.450093929383328,0.39169550760561345,-1.005592587484994
