hlr_1,e2_1,x0_1,flux_1,e1_1,y0_1
1.0163621361579902,-0.28537340183023879,1.024370371400269,98.129680992278324,0.41499038926010057,-1.0250656066965185
