hlr_1,e2_1,x0_1,flux_1,e1_1,y0_1
0.9719771431727231,-0.32858095142326571,0.99938215734641478,99.040150875202528,0.4404401469101582,-1.025736228006922
