hlr_1,e2_1,x0_1,flux_1,e1_1,y0_1
1.0055429367741255,-0.24798440414888034,0.97684415875525943,102.2539934364017,0.36876849559152025,-1.0157040800712118
