hlr_1,e2_1,x0_1,flux_1,e1_1,y0_1
1.0178524920298693,-0.28538741484697078,1.0307538335857895,100.18390174057951,0.35374109512857244,-0.98894687410422533
