hlr_1,e2_1,x0_1,flux_1,e1_1,y0_1
0.99866042626972784,-0.32999949171199716,0.96171520944881284,97.236410846058703,0.40271454754105895,-0.95841623851548174
