hlr_1,e2_1,x0_1,flux_1,e1_1,y0_1
1.0098330193340512,-0.25377090173576472,1.003246583767857,101.12712553780287,0.37915100362110166,-0.98457582909728503
