hlr_1,e2_1,x0_1,flux_1,e1_1,y0_1
0.99408432816128722,-0.28285887987566982,0.93914512502869218,96.738633840759121,0.40697097190787535,-0.97064357985497995
