hlr_1,e2_1,x0_1,flux_1,e1_1,y0_1
0.98323653583796178,-0.28629489358857196,0.99996231902432076,97.683780444462741,0.40906223195357994,-1.0166948096336008
