hlr_1,e2_1,x0_1,flux_1,e1_1,y0_1
0.97505378296197542,-0.31253832436066042,1.0087294198297885,97.896257180704083,0.43754618437280302,-1.0023475470359164
