hlr_1,e2_1,x0_1,flux_1,e1_1,y0_1
0.9718125968208382,-0.34742935584916146,0.99080448161967283,97.680265267755146,0.37090857342085126,-1.023328487019902
