hlr_1,e2_1,x0_1,flux_1,e1_1,y0_1
1.0019319342264246,-0.30591497590679151,0.99639056283985816,98.418169179669533,0.4468748242363183,-0.9790502698581367
