hlr_1,e2_1,x0_1,flux_1,e1_1,y0_1
1.0172449610682452,-0.26517227482349232,1.0201174364776602,102.7535406377911,0.38445959325011914,-0.98274537044708188
