hlr_1,e2_1,x0_1,flux_1,e1_1,y0_1
0.98813862323753732,-0.35163908131125232,0.9984359199897952,100.65031536138181,0.39930517628863593,-1.0110943473489047
