hlr_1,e2_1,x0_1,flux_1,e1_1,y0_1
1.013098405176144,-0.29520238660312093,0.9694481556933674,98.865614566208677,0.38288118742730148,-1.0061783860985645
