hlr_1,e2_1,x0_1,flux_1,e1_1,y0_1
0.97526585779942154,-0.27234574217861307,0.99823113538003039,97.624781263154347,0.42213241663841927,-1.026649814363406
