hlr_1,e2_1,x0_1,flux_1,e1_1,y0_1
1.0035035704395874,-0.29698118192037359,1.0444516591938919,102.72973523395882,0.33663475913135499,-1.0130647755621922
