hlr_1,e2_1,x0_1,flux_1,e1_1,y0_1
0.99172081033000326,-0.27934782246395395,0.99799394708800637,99.867507101177239,0.33516233242969418,-1.0010254671591188
