hlr_1,e2_1,x0_1,flux_1,e1_1,y0_1
0.98852406245038127,-0.31676976727391137,1.0064324919715819,97.244286496417089,0.38877038425854438,-0.96355417844789581
