hlr_1,e2_1,x0_1,flux_1,e1_1,y0_1
1.0043817253143308,-0.28869056001902976,0.98904363443328602,99.837666704789171,0.41989091157908431,-0.98332309632199921
