hlr_1,e2_1,x0_1,flux_1,e1_1,y0_1
0.99235964904879292,-0.29080790575196747,1.0145995482235177,96.701328666063176,0.40700625705182114,-1.0058719900085951
