hlr_1,e2_1,x0_1,flux_1,e1_1,y0_1
0.96829859430416798,-0.31365731688582593,0.97949570353468207,99.427656742940741,0.39513006889182756,-1.0081342138463469
