hlr_1,e2_1,x0_1,flux_1,e1_1,y0_1
0.98971682797550975,-0.28680172672866827,1.0080314986676475,99.158398853016067,0.42921620874567923,-0.99688763627240506
