hlr_1,e2_1,x0_1,flux_1,e1_1,y0_1
1.0013640961721517,-0.31850113295598742,1.0106608962144046,98.555319065719161,0.3424674213303549,-0.99925191921953438
