hlr_1,e2_1,x0_1,flux_1,e1_1,y0_1
0.99485741884692258,-0.30199559480060673,0.99064578683760374,100.16253658781619,0.37793507449734132,-0.95707343820138391
