hlr_1,e2_1,x0_1,flux_1,e1_1,y0_1
0.99703210178898227,-0.3355345595120563,0.97911108121049928,101.03315094944635,0.42086930660730282,-1.0061642143720242
