hlr_1,e2_1,x0_1,flux_1,e1_1,y0_1
1.0241309022229519,-0.29426196404275762,0.98352478395486287,101.54872706751677,0.40115091370498401,-0.99018075014216844
