hlr_1,e2_1,x0_1,flux_1,e1_1,y0_1
0.9981077732459509,-0.28554453582869588,1.0550575666788724,97.788841725988775,0.37653186257091753,-1.0049648103346338
