hlr_1,e2_1,x0_1,flux_1,e1_1,y0_1
1.0127668210090306,-0.33247384883934505,0.99110572853298962,101.07233806169157,0.38460907015089307,-1.0098259307330411
