hlr_1,e2_1,x0_1,flux_1,e1_1,y0_1
0.98670780348386078,-0.30960491300251847,0.93436818471207506,100.03288279047464,0.3929012991406533,-1.0032576996012597
