hlr_1,e2_1,x0_1,flux_1,e1_1,y0_1
0.9989044526699622,-0.2921816816592282,0.97199535255438541,100.4704899116244,0.39087262736038975,-1.0053914669121204
