hlr_1,e2_1,x0_1,flux_1,e1_1,y0_1
0.97518236234086242,-0.28162079521336209,1.0195588736129624,95.394523905737074,0.3539986952237808,-0.99786706132915359
