hlr_1,e2_1,x0_1,flux_1,e1_1,y0_1
0.99533279097760796,-0.33080928049255076,0.95967679171690712,99.362197446070667,0.39900402876467389,-0.98319319271546135
