hlr_1,e2_1,x0_1,flux_1,e1_1,y0_1
0.98963116975141485,-0.28012587210196371,0.9940138644572114,100.26035625187406,0.3597157605525052,-1.0004145060906655
