hlr_1,e2_1,x0_1,flux_1,e1_1,y0_1
0.96709462875834928,-0.3106503072792669,0.97911817286817371,94.623657359806884,0.40650229712771146,-0.98137008024875128
