hlr_1,e2_1,x0_1,flux_1,e1_1,y0_1
0.99577994422993443,-0.2338189726067999,1.0033485815375132,102.08619647152221,0.44526245856433277,-1.0287198506540514
