hlr_1,e2_1,x0_1,flux_1,e1_1,y0_1
0.96404847513716452,-0.33989352624887337,1.0707227125892373,95.69203270005589,0.37535116107915467,-1.0197158856517463
