hlr_1,e2_1,x0_1,flux_1,e1_1,y0_1
0.98875787990599084,-0.28963732281788895,0.99410427436249282,98.378957537136472,0.42855474733282772,-0.98126491431819352
