hlr_1,e2_1,x0_1,flux_1,e1_1,y0_1
1.0212742558386179,-0.32400272574317496,0.99512617392043268,103.29076591663693,0.39985218468255224,-0.97605960414718984
