hlr_1,e2_1,x0_1,flux_1,e1_1,y0_1
1.0129561315995463,-0.28498165144845045,0.99514564904090097,95.966094631286026,0.41270998318955932,-0.96729817502035242
