hlr_1,e2_1,x0_1,flux_1,e1_1,y0_1
1.0255322176465045,-0.18212259224218574,0.98447652834776012,104.01484030144954,0.42206786047997324,-1.0017313321317856
