hlr_1,e2_1,x0_1,flux_1,e1_1,y0_1
1.0075144360596733,-0.34376915272335729,1.0112525728902062,101.20219102601163,0.40367334103304264,-0.97341419710700183
