hlr_1,e2_1,x0_1,flux_1,e1_1,y0_1
1.0074719048177601,-0.29770631665419733,1.0292010731660213,100.05512595301605,0.39384889863180694,-1.0278323204796331
