hlr_1,e2_1,x0_1,flux_1,e1_1,y0_1
0.97685131724237095,-0.28603723845544654,0.96873929238851808,96.757573996995859,0.40946936248140586,-1.0180941893420217
