hlr_1,e2_1,x0_1,flux_1,e1_1,y0_1
0.98471205046540056,-0.32487516837232355,0.97990532399195818,98.529511613649632,0.41367870778327642,-1.0233252755497193
