hlr_1,e2_1,x0_1,flux_1,e1_1,y0_1
0.9904873817342954,-0.29852256526222498,1.0031642759312085,96.267672763791595,0.4179904930977747,-1.0200741021278001
