hlr_1,e2_1,x0_1,flux_1,e1_1,y0_1
1.0189651215483009,-0.28280945811508595,1.0346754677726127,100.28729295121582,0.39352197611525441,-1.0080748389007939
