hlr_1,e2_1,x0_1,flux_1,e1_1,y0_1
0.98877240869609073,-0.25105749253738996,0.98851390401838302,98.341979539120075,0.40842547910466642,-0.99939730488011058
