hlr_1,e2_1,x0_1,flux_1,e1_1,y0_1
1.0149674037207208,-0.28368076169724676,0.98942243905566318,99.547969375482381,0.39588526636619559,-0.99462301529781127
