hlr_1,e2_1,x0_1,flux_1,e1_1,y0_1
0.98355559135181281,-0.29425932113066294,1.0112602370347474,96.653822708282846,0.42255117241172324,-0.99293269697844533
