hlr_1,e2_1,x0_1,flux_1,e1_1,y0_1
1.0078041357042102,-0.25764856549706666,0.994595237810322,99.293906888189483,0.37219391235472266,-0.98593585297607023
