hlr_1,e2_1,x0_1,flux_1,e1_1,y0_1
1.0190382045758661,-0.32136111125343347,1.0150584892384567,100.73993886159664,0.45880792624424394,-1.0165925589925626
