hlr_1,e2_1,x0_1,flux_1,e1_1,y0_1
1.0127922973240424,-0.31199738798924881,1.018044870019911,98.475591848613035,0.35581292843057843,-1.0139377880269773
