hlr_1,e2_1,x0_1,flux_1,e1_1,y0_1
1.0077423792808333,-0.36235095368260745,1.0363235461644065,99.505744724984865,0.38462216537069005,-1.0440479272065186
