hlr_1,e2_1,x0_1,flux_1,e1_1,y0_1
0.95492377630794523,-0.33491812018041905,1.0034530481742303,96.528330766670493,0.44627695671376943,-0.99754849666592094
