hlr_1,e2_1,x0_1,flux_1,e1_1,y0_1
0.99829754745678723,-0.3170729985949261,0.96210344180560536,100.1792711456272,0.3741107086386839,-0.99824670286303618
