hlr_1,e2_1,x0_1,flux_1,e1_1,y0_1
1.0033654654442565,-0.33132042443780774,1.0237409235655077,102.50399754526691,0.41117852952042466,-1.009517691441141
