hlr_1,e2_1,x0_1,flux_1,e1_1,y0_1
0.99163085962461928,-0.32235545662504972,0.99977858503702866,99.838219988196997,0.40741768899201181,-1.0116892043328356
