hlr_1,e2_1,x0_1,flux_1,e1_1,y0_1
1.0066580195831145,-0.27939747977097618,1.0483241513408137,98.428463722293046,0.39550587293459016,-0.99974609935893133
