hlr_1,e2_1,x0_1,flux_1,e1_1,y0_1
1.0156173514008144,-0.33738184121064058,1.0072006332468666,100.53155091374371,0.3595043322615199,-0.96366868861777633
