hlr_1,e2_1,x0_1,flux_1,e1_1,y0_1
1.0074975207013921,-0.24674333074726806,0.95750097567728876,102.31096618365119,0.49755694220254321,-0.98650660890766684
