hlr_1,e2_1,x0_1,flux_1,e1_1,y0_1
1.0137050569993455,-0.31009583395237822,0.97386007245924144,103.93112017972162,0.43025083034241862,-0.98460832348634852
