hlr_1,e2_1,x0_1,flux_1,e1_1,y0_1
1.0120745960182229,-0.2869186257651446,0.99093154798544791,101.02296420233104,0.39518021542326776,-0.98727663743377025
