hlr_1,e2_1,x0_1,flux_1,e1_1,y0_1
0.99881037240723702,-0.24715824107832968,0.99598312787384824,99.766672686122632,0.38505732131567627,-1.0030391990555048
