hlr_1,e2_1,x0_1,flux_1,e1_1,y0_1
1.007982870367742,-0.26906680201603622,1.0212523290283109,99.941462272013382,0.39344522881614741,-0.98740471137013053
