hlr_1,e2_1,x0_1,flux_1,e1_1,y0_1
1.0071227079956455,-0.30159201717644119,1.002354870516875,99.167415342329832,0.39943335046681305,-1.0096799628706443
