hlr_1,e2_1,x0_1,flux_1,e1_1,y0_1
1.0002205432115914,-0.38272774743203003,0.99973173695379103,99.487269634143559,0.36567928159722385,-0.99631405006274676
