hlr_1,e2_1,x0_1,flux_1,e1_1,y0_1
0.94966403216687434,-0.29539763957237131,0.97808376294193877,94.868017170458515,0.42072402108411677,-1.0076330356325558
