hlr_1,e2_1,x0_1,flux_1,e1_1,y0_1
1.009442771871516,-0.31349708625839073,0.99361019117506633,104.67291697059161,0.4496017558392249,-1.0005335274230283
