hlr_1,e2_1,x0_1,flux_1,e1_1,y0_1
0.98991647308587383,-0.32451390815229453,1.0436273979614059,97.007734757550935,0.40388784128880451,-0.98692669027597812
