hlr_1,e2_1,x0_1,flux_1,e1_1,y0_1
1.0000709335547282,-0.24287250937357635,1.0101633761677427,99.475781119956963,0.46200788998541653,-1.0158757357387151
