hlr_1,e2_1,x0_1,flux_1,e1_1,y0_1
0.99616901366069688,-0.33690427071960904,1.0047001723214377,98.84484434138075,0.39963067554478648,-1.0394438626195579
