hlr_1,e2_1,x0_1,flux_1,e1_1,y0_1
0.96952537058575827,-0.33975637414812404,1.0051742275565934,98.303496746507747,0.40117015059830785,-0.98918690662809183
