hlr_1,e2_1,x0_1,flux_1,e1_1,y0_1
0.98959808381068459,-0.28781516278995861,1.0044126239066982,97.049419440493054,0.4204787818882314,-1.0242236479118016
