hlr_1,e2_1,x0_1,flux_1,e1_1,y0_1
0.99067639421495812,-0.30970084713281359,1.0208280659818136,103.27017334788215,0.39457444381216389,-1.0208321398178395
