hlr_1,e2_1,x0_1,flux_1,e1_1,y0_1
1.0083990102873028,-0.28221893137029591,1.0035809467705503,100.89351296130116,0.39040139138562835,-1.0048747939917728
