hlr_1,e2_1,x0_1,flux_1,e1_1,y0_1
0.99520371156904641,-0.29655743426490189,1.0128574947755391,101.06069427798568,0.4227612036524373,-1.0125262944701285
