hlr_1,e2_1,x0_1,flux_1,e1_1,y0_1
1.0377625258643963,-0.2962975489985149,1.0699557432165907,102.14600868328364,0.42347822580568817,-1.0240055539085873
