hlr_1,e2_1,x0_1,flux_1,e1_1,y0_1
1.0034843772309801,-0.30481057295319308,0.99429394502473922,103.01194376201668,0.40030359564355011,-1.0045219247124968
