hlr_1,e2_1,x0_1,flux_1,e1_1,y0_1
0.99136233738773294,-0.31277622958320678,0.9713147990062847,98.700306713452534,0.39468470984535675,-1.0198281831003531
