hlr_1,e2_1,x0_1,flux_1,e1_1,y0_1
1.0035905252074668,-0.33266663890566345,0.99666833427430479,98.383275954049424,0.41739857118257384,-1.0139245444571978
