hlr_1,e2_1,x0_1,flux_1,e1_1,y0_1
1.0245167923324248,-0.28594066623277836,1.0307475036129023,102.53887415374201,0.37452290999757265,-0.99813169518996236
