hlr_1,e2_1,x0_1,flux_1,e1_1,y0_1
1.0081345401239408,-0.29448534012678002,0.99631395931735245,99.937767315851673,0.42067362943661624,-0.99823662943662406
