hlr_1,e2_1,x0_1,flux_1,e1_1,y0_1
0.98371621360514583,-0.29569253169321902,0.97947819662650204,98.09245149484633,0.37966789194045814,-0.96929001873223575
