hlr_1,e2_1,x0_1,flux_1,e1_1,y0_1
1.0359713245676234,-0.29842446758943025,0.99393188185671111,102.52346684820726,0.36882998029775504,-1.0053704919230411
