hlr_1,e2_1,x0_1,flux_1,e1_1,y0_1
1.0147540765937206,-0.26111726953097025,1.0039680199841419,99.717655795011851,0.36058015795844378,-0.96578028530746129
