hlr_1,e2_1,x0_1,flux_1,e1_1,y0_1
1.0176553848460372,-0.28602344660193402,0.97765480933409421,100.04248145223772,0.39015676143049061,-1.0116052758462479
