hlr_1,e2_1,x0_1,flux_1,e1_1,y0_1
1.0035389237332191,-0.28349791200499463,1.0360617503317737,97.646340937434857,0.38959412586214226,-0.98659644131930424
