hlr_1,e2_1,x0_1,flux_1,e1_1,y0_1
0.98296413315857301,-0.33382215114884678,0.98519226414122052,99.748800272057409,0.36103335071460418,-1.0141444131317239
