hlr_1,e2_1,x0_1,flux_1,e1_1,y0_1
1.0176650055612244,-0.31902735554905348,1.0108679334916433,103.81540791816568,0.34242081832257965,-0.98522723890290731
