hlr_1,e2_1,x0_1,flux_1,e1_1,y0_1
0.98763461506387995,-0.25067360113250736,0.99961174611163806,98.623438430510973,0.40144304905451156,-1.0150315601659434
