hlr_1,e2_1,x0_1,flux_1,e1_1,y0_1
1.0234652014291772,-0.29218031181013576,0.99085432464824752,102.14040688057095,0.45069646796599327,-0.99267444382025216
