hlr_1,e2_1,x0_1,flux_1,e1_1,y0_1
0.96732515259011187,-0.30484497772221975,0.98409030122710472,98.855003493290525,0.40903465604061573,-1.0330297516823563
