hlr_1,e2_1,x0_1,flux_1,e1_1,y0_1
1.0029554884163678,-0.31627379159208396,1.012346383674867,100.90955011748468,0.38762957475275828,-0.98203365320609226
