hlr_1,e2_1,x0_1,flux_1,e1_1,y0_1
0.99276392021523385,-0.28919052304475007,0.97853727664915446,101.40679669700341,0.3942961263952014,-1.007235775870821
