hlr_1,e2_1,x0_1,flux_1,e1_1,y0_1
0.99053390560993337,-0.29407190646582326,1.022870442765079,97.786604314972493,0.44438940777987623,-0.99442591828265314
