hlr_1,e2_1,x0_1,flux_1,e1_1,y0_1
1.0096408361175095,-0.28504872633604772,0.98487920007452701,100.49630220554106,0.39025534538401785,-1.0083250682172089
