hlr_1,e2_1,x0_1,flux_1,e1_1,y0_1
0.99784745386105067,-0.27687585547939575,1.0061427445968114,99.954586774087971,0.4658476048282616,-0.98097699358140478
