hlr_1,e2_1,x0_1,flux_1,e1_1,y0_1
1.0213994511563742,-0.35615677302755866,0.98121366456597503,98.629014863209818,0.39265504200627999,-1.0115855430374623
