hlr_1,e2_1,x0_1,flux_1,e1_1,y0_1
1.0282161908918614,-0.28926323320654518,1.0049129601759583,103.98144076545154,0.35788599519377917,-1.0280924625579222
