hlr_1,e2_1,x0_1,flux_1,e1_1,y0_1
1.0272937794285526,-0.28718483404066408,1.0202605982032233,102.93866360788128,0.40069929998462017,-0.97254120357365004
