hlr_1,e2_1,x0_1,flux_1,e1_1,y0_1
1.0082800321847309,-0.29477511146649749,1.0227021964328769,101.09213543944496,0.39630772995106978,-1.0256930617981697
