hlr_1,e2_1,x0_1,flux_1,e1_1,y0_1
0.96378285496050431,-0.26914635258575398,0.98999496600492876,98.735113010479338,0.37726194621042097,-0.94975967439024211
