hlr_1,e2_1,x0_1,flux_1,e1_1,y0_1
1.0349756569234847,-0.31671694865787586,0.9779151874748182,104.28622050114424,0.36988475814053112,-0.99569489862085048
