hlr_1,e2_1,x0_1,flux_1,e1_1,y0_1
1.0024390041905504,-0.31511988493657517,0.99001064892819191,101.61050642869829,0.37735200364408295,-1.0086009267774396
