hlr_1,e2_1,x0_1,flux_1,e1_1,y0_1
0.9866605870684364,-0.26887480683934861,0.96886365479588488,100.23659691273754,0.38407082988132069,-1.0035031859015739
