hlr_1,e2_1,x0_1,flux_1,e1_1,y0_1
0.99390216402304321,-0.32642216927376966,0.99808623137215946,101.50227767889334,0.43280182675213852,-1.002534634564177
