hlr_1,e2_1,x0_1,flux_1,e1_1,y0_1
1.0440577031020588,-0.32709340945998244,0.9639534037053954,108.3050477446161,0.41390936584512317,-0.97390410533141658
