hlr_1,e2_1,x0_1,flux_1,e1_1,y0_1
0.98675060550052995,-0.30041108747604617,1.0017936879700118,98.851225092992365,0.42952432227878257,-0.98157050736515439
