hlr_1,e2_1,x0_1,flux_1,e1_1,y0_1
0.98308939771763204,-0.31251037627966827,1.0002519061222577,100.6655398238551,0.42951860892271454,-0.98984768599088557
