hlr_1,e2_1,x0_1,flux_1,e1_1,y0_1
0.99398188310566593,-0.28078154422028107,0.99210795028634813,100.34135889841683,0.41631787393261122,-0.97364080245729623
