hlr_1,e2_1,x0_1,flux_1,e1_1,y0_1
0.99012404011613553,-0.34398725772209005,0.95693699948367161,99.861629413608568,0.39067614151856711,-0.95526850587110967
