hlr_1,e2_1,x0_1,flux_1,e1_1,y0_1
0.9858495881861673,-0.32959552471963305,1.0157320896574271,98.46153076649378,0.35745574727242069,-1.0021895334810678
