hlr_1,e2_1,x0_1,flux_1,e1_1,y0_1
0.98745533174342581,-0.2899602031615589,1.0469544062327243,97.490128937522854,0.39109458286497834,-1.0150899235606352
