hlr_1,e2_1,x0_1,flux_1,e1_1,y0_1
0.99895543921891994,-0.26727644431736308,1.0137231710179595,100.7850736383397,0.40357538033462914,-1.028362902610906
