hlr_1,e2_1,x0_1,flux_1,e1_1,y0_1
0.98865972862056961,-0.30159585574944342,0.9950419684909777,100.22591815991923,0.39571376333281338,-1.010857737991433
