hlr_1,e2_1,x0_1,flux_1,e1_1,y0_1
0.96958932262209818,-0.29735094394546707,0.99456574250529695,97.841842295680621,0.38954075716244851,-1.0009589298401607
