hlr_1,e2_1,x0_1,flux_1,e1_1,y0_1
1.0204135789754627,-0.29287451458120028,0.98861062640540798,99.654174812007923,0.39100691826096101,-1.0123381705368737
