hlr_1,e2_1,x0_1,flux_1,e1_1,y0_1
1.0060146077699512,-0.32900209083784737,0.98440146283999308,101.11797991219655,0.39328070475969135,-0.9788793115965353
