hlr_1,e2_1,x0_1,flux_1,e1_1,y0_1
1.0087504165642591,-0.24331337045667351,0.99655473941493256,100.87371383164518,0.36592238315268966,-0.97668808766134774
