hlr_1,e2_1,x0_1,flux_1,e1_1,y0_1
1.0234205974950394,-0.26073188605055686,0.98802779000287888,103.64994991033136,0.36845460188951007,-1.0012179694485934
