hlr_1,e2_1,x0_1,flux_1,e1_1,y0_1
0.99119934414827249,-0.28112992740020148,0.97554331572889641,99.440502499184589,0.41003755278783816,-0.96202381817852967
