hlr_1,e2_1,x0_1,flux_1,e1_1,y0_1
1.0095766963666168,-0.26244049232716521,0.96964461805388424,98.908226069425297,0.39257515058023995,-1.0140911042874685
