hlr_1,e2_1,x0_1,flux_1,e1_1,y0_1
1.0209681112252462,-0.3208565085592131,1.0207305380768235,105.06893439522499,0.37195977708170358,-0.99414631743142934
