hlr_1,e2_1,x0_1,flux_1,e1_1,y0_1
0.97004215062561938,-0.33512416381837873,1.007221667879886,99.059972865520237,0.43215696828986117,-1.0046506425583543
