hlr_1,e2_1,x0_1,flux_1,e1_1,y0_1
0.96422468740208211,-0.34369032841811886,1.0120922071652876,96.623859874218326,0.42221984990803874,-1.0067595105597738
