hlr_1,e2_1,x0_1,flux_1,e1_1,y0_1
1.0138461820772919,-0.31080875067717562,1.0048830444672001,101.00665036558286,0.42086085296401521,-1.0096503041674283
