hlr_1,e2_1,x0_1,flux_1,e1_1,y0_1
0.97387819051852431,-0.30344237341035457,1.0227503243433693,96.736275079821453,0.41853133870284176,-1.007883928889644
