hlr_1,e2_1,x0_1,flux_1,e1_1,y0_1
0.99283787540295187,-0.29124468028769507,0.99048648678444362,99.093792731021864,0.39743109440034829,-1.0055826801851451
