hlr_1,e2_1,x0_1,flux_1,e1_1,y0_1
0.99094452051808513,-0.22234035666601004,1.0172384616125951,99.165683256259783,0.39622662879155857,-0.98906171649434249
