hlr_1,e2_1,x0_1,flux_1,e1_1,y0_1
1.0243473726631733,-0.32113794745495428,1.007601758195011,100.86953499922865,0.39438118511018971,-0.99215421636668566
