hlr_1,e2_1,x0_1,flux_1,e1_1,y0_1
1.003446645748598,-0.30605088020235249,0.984312248191201,100.43417392334692,0.43631088963984643,-0.99633905761405606
