hlr_1,e2_1,x0_1,flux_1,e1_1,y0_1
0.98342873437622447,-0.27368845672547032,0.99247951246507871,99.563782152192118,0.4370292960845259,-0.99911077161221407
