hlr_1,e2_1,x0_1,flux_1,e1_1,y0_1
1.0002727364327604,-0.31293279120866874,1.0161039223856578,102.42824264977841,0.39415716370536336,-0.99981525799801041
