hlr_1,e2_1,x0_1,flux_1,e1_1,y0_1
0.99942319187292772,-0.31069666207790025,0.96551176160990515,101.18596761189362,0.42776849455174659,-1.0048129231077798
