hlr_1,e2_1,x0_1,flux_1,e1_1,y0_1
0.95517310688079204,-0.24240795443128865,1.0645495837539682,96.232063361657453,0.41088754914175896,-1.040775429197426
