hlr_1,e2_1,x0_1,flux_1,e1_1,y0_1
0.99832746143973283,-0.26304855525580623,0.98996037770011736,101.19561533481905,0.41834662504438946,-1.005652866641773
