hlr_1,e2_1,x0_1,flux_1,e1_1,y0_1
0.98016806105360388,-0.28180219446132015,1.0038035949330002,98.791594803738178,0.36062179977535869,-0.99399400309446984
