hlr_1,e2_1,x0_1,flux_1,e1_1,y0_1
0.98951947737283175,-0.31543885694507312,1.0281402069055927,97.713212234590856,0.42177562992442486,-0.98274382173769714
