hlr_1,e2_1,x0_1,flux_1,e1_1,y0_1
1.0026810303469218,-0.32505940664747823,0.97073138644184453,99.879958379069691,0.43652337509549666,-0.98659302883492828
