hlr_1,e2_1,x0_1,flux_1,e1_1,y0_1
1.0138381968502328,-0.29419432268096546,1.0268373916752545,100.21180817058178,0.44858135119769726,-1.0421644884318577
