hlr_1,e2_1,x0_1,flux_1,e1_1,y0_1
0.99034258501824257,-0.26554575674747166,1.0105710614810217,100.16981216138997,0.41981161972515602,-1.0145096612760107
