hlr_1,e2_1,x0_1,flux_1,e1_1,y0_1
1.0161925092011472,-0.34054919475965079,1.0036792717531524,102.79740539374835,0.39350429758142536,-0.99578689755237404
