hlr_1,e2_1,x0_1,flux_1,e1_1,y0_1
1.0112098488442078,-0.28384041605917393,0.95802406436437693,99.711825806365638,0.41740899224652428,-1.0135093341379715
