hlr_1,e2_1,x0_1,flux_1,e1_1,y0_1
0.96828900410359076,-0.33156812507086003,0.96647763213536653,96.043828630527514,0.37913204856695804,-1.0019225441239428
