hlr_1,e2_1,x0_1,flux_1,e1_1,y0_1
1.00950984342114,-0.2533608424748145,1.0071512011980586,100.99329225162272,0.38227912248977303,-0.97309441343973502
