hlr_1,e2_1,x0_1,flux_1,e1_1,y0_1
0.98469047102999951,-0.29114152128177756,0.98883990805826727,100.11142390230553,0.42977372428174365,-0.99148750258722407
