hlr_1,e2_1,x0_1,flux_1,e1_1,y0_1
0.99527519094411154,-0.2889856767043596,1.0025958935182224,97.127299691029876,0.48329158933090666,-1.012369365257952
