hlr_1,e2_1,x0_1,flux_1,e1_1,y0_1
0.97798046023460627,-0.24877919724976144,1.0024789399222529,99.325175953194318,0.390187376472098,-1.0512820899504507
