hlr_1,e2_1,x0_1,flux_1,e1_1,y0_1
0.98681970526973228,-0.30809751073917219,1.0061211132187635,99.179034946843103,0.41622217044625986,-1.000778995621558
