hlr_1,e2_1,x0_1,flux_1,e1_1,y0_1
0.99539655909589553,-0.23789066780272172,0.99342860194112426,101.90848696513359,0.36769216199207633,-1.004401835106747
