hlr_1,e2_1,x0_1,flux_1,e1_1,y0_1
1.0168054048828012,-0.29860512312000476,1.0335049630298174,99.974450919205211,0.40465304819358283,-1.0161498705083845
