hlr_1,e2_1,x0_1,flux_1,e1_1,y0_1
0.99103443057414431,-0.29345959619087836,1.0020351889456256,102.28533492596148,0.39973336126564774,-1.0220439164870072
