hlr_1,e2_1,x0_1,flux_1,e1_1,y0_1
1.0135108867640472,-0.27279193401557539,0.99673940461687849,101.4852515511529,0.39351277575793042,-0.97915559044416689
