hlr_1,e2_1,x0_1,flux_1,e1_1,y0_1
1.0165021887109775,-0.32400948659225037,1.0045709328775683,104.4829470997531,0.39857864061219561,-1.0047440546159656
