hlr_1,e2_1,x0_1,flux_1,e1_1,y0_1
0.96416510609026118,-0.30561986327953022,1.0255873857382989,92.803623363690491,0.35692855793717504,-0.99540698309366782
