hlr_1,e2_1,x0_1,flux_1,e1_1,y0_1
1.0118135229750083,-0.34613176660860856,0.9719905960747024,99.294845125068505,0.4017384173696692,-0.98541689186425607
