hlr_1,e2_1,x0_1,flux_1,e1_1,y0_1
1.0251053348635959,-0.3298246977160999,0.98783777291181174,101.9998234064374,0.43193010966856638,-1.0061537987750997
