hlr_1,e2_1,x0_1,flux_1,e1_1,y0_1
0.99874669950265749,-0.35143957143160431,0.98730468386411996,99.050961877152105,0.37456156215516478,-1.0115098908318489
