hlr_1,e2_1,x0_1,flux_1,e1_1,y0_1
0.98686015218870504,-0.29481721923485715,1.0012823343693595,98.590413199501512,0.44053274808841048,-0.9837870442072747
