hlr_1,e2_1,x0_1,flux_1,e1_1,y0_1
0.98998794421446323,-0.23116218150494705,1.0146700021941522,96.562580805080842,0.43947559201224129,-1.0223498976263943
