hlr_1,e2_1,x0_1,flux_1,e1_1,y0_1
0.99720562932412271,-0.31464210464468423,0.9978393265225689,101.94863700804133,0.41379468978047318,-1.0041601116252861
