hlr_1,e2_1,x0_1,flux_1,e1_1,y0_1
0.98605509243646705,-0.31342054550081727,1.0043758685408459,98.51898421257394,0.40836549105776476,-1.0018090883649036
