hlr_1,e2_1,x0_1,flux_1,e1_1,y0_1
1.0041729737545775,-0.33003944414865005,0.99056574992075497,99.444837028978313,0.41821958166264483,-0.99010308353976217
