hlr_1,e2_1,x0_1,flux_1,e1_1,y0_1
1.0053557869584755,-0.21883255857065936,1.0130593165391923,98.051069132828033,0.45511967565107869,-0.97992372026684338
