hlr_1,e2_1,x0_1,flux_1,e1_1,y0_1
0.97985167005363527,-0.26351793590024902,1.0340710676435716,97.600238513090702,0.37921220484570406,-1.0038283473117082
