hlr_1,e2_1,x0_1,flux_1,e1_1,y0_1
0.99833450170349414,-0.29093889630666125,0.92932081560414215,101.45325996580459,0.39895328060576318,-0.98304098725427203
