hlr_1,e2_1,x0_1,flux_1,e1_1,y0_1
0.9999470546241005,-0.2439732558082417,0.92604203467226132,102.3250619083761,0.39152892694176833,-0.98706006196348728
