hlr_1,e2_1,x0_1,flux_1,e1_1,y0_1
0.96243130039771407,-0.30548267623896641,1.0170149459771656,98.088047720961271,0.47757119647668644,-1.0211974572676041
