hlr_1,e2_1,x0_1,flux_1,e1_1,y0_1
0.95981160728345127,-0.27703522006221948,0.99424760375838606,97.804512321022983,0.36564689455473975,-1.0045621524955415
