hlr_1,e2_1,x0_1,flux_1,e1_1,y0_1
0.9730841029794961,-0.24221308429189081,0.99606427210564075,93.757030342621988,0.44387288154121207,-0.99238147627317552
