hlr_1,e2_1,x0_1,flux_1,e1_1,y0_1
1.0251997891982301,-0.29114326343672225,0.97869171841744773,102.68534967657902,0.39044085020919006,-0.99489380402666727
