hlr_1,e2_1,x0_1,flux_1,e1_1,y0_1
0.99635723521373931,-0.30973921748420319,1.0249414637159333,104.24040323634965,0.46015837978264029,-1.0170933329907008
