hlr_1,e2_1,x0_1,flux_1,e1_1,y0_1
1.0021735385603803,-0.28626890829956791,1.0141679924242464,100.57581582181082,0.42807555458441815,-1.0138937189394333
