hlr_1,e2_1,x0_1,flux_1,e1_1,y0_1
1.0009751213823495,-0.29414601063829598,0.97823931226819472,98.466955152758999,0.40241889385965046,-1.0164212397199615
