hlr_1,e2_1,x0_1,flux_1,e1_1,y0_1
1.0064560489515659,-0.30341117903140075,1.0120903078920476,99.309545404252248,0.35245778006711226,-0.99634475524927701
