hlr_1,e2_1,x0_1,flux_1,e1_1,y0_1
1.0134461705584283,-0.26496561664906015,0.96929960662093784,101.7272960549008,0.40113453500780172,-1.0137938475752764
