hlr_1,e2_1,x0_1,flux_1,e1_1,y0_1
0.9958471605442234,-0.28678803232534533,1.0352692730283009,99.04084750993826,0.42655441327174337,-0.97788525318525732
