hlr_1,e2_1,x0_1,flux_1,e1_1,y0_1
1.0295263581135323,-0.2904898590586566,0.99205635815930204,101.25685376895376,0.41164325993890349,-0.99132354410519818
