hlr_1,e2_1,x0_1,flux_1,e1_1,y0_1
1.0196364651480683,-0.27601143648185095,0.99334010377118176,100.84770668249722,0.40566637564805585,-0.9961017507422989
