hlr_1,e2_1,x0_1,flux_1,e1_1,y0_1
1.0075019919480055,-0.24415343732471578,1.039475940223066,102.42044756752719,0.47042247481548705,-1.0067134682082566
