hlr_1,e2_1,x0_1,flux_1,e1_1,y0_1
1.0059139479672221,-0.23693887944155967,0.98018607743259256,99.162994857441916,0.41099126870684399,-1.0237367485517734
