hlr_1,e2_1,x0_1,flux_1,e1_1,y0_1
0.9791034796053717,-0.28268604338030512,0.99285095146531699,97.677614805574052,0.39612963576565985,-1.0009867127495151
