hlr_1,e2_1,x0_1,flux_1,e1_1,y0_1
1.0148464390615457,-0.34204066593530386,1.0263060767277716,102.13721299662777,0.36009663081389198,-1.0185681354675316
