hlr_1,e2_1,x0_1,flux_1,e1_1,y0_1
0.99062899080438616,-0.26892012964898504,0.99633372250897256,100.59030463761327,0.40505656729076445,-0.98281705496087035
