hlr_1,e2_1,x0_1,flux_1,e1_1,y0_1
0.98955732941223462,-0.30400195817766862,1.0384106718620831,98.592400459981505,0.36606047667560726,-0.99878444074932338
