hlr_1,e2_1,x0_1,flux_1,e1_1,y0_1
1.0090659389780048,-0.35105883710472791,1.0206459087446973,101.44690877675096,0.36580984764008972,-0.98753205507859754
