hlr_1,e2_1,x0_1,flux_1,e1_1,y0_1
1.0019726967038238,-0.29015296898176202,0.97552100823680288,97.805714751411529,0.3801720507524371,-1.0031751780322957
