hlr_1,e2_1,x0_1,flux_1,e1_1,y0_1
0.9975475962945255,-0.30043006976465875,0.96552501716142825,99.028831570282321,0.38795051864842534,-0.98947988947265841
