hlr_1,e2_1,x0_1,flux_1,e1_1,y0_1
0.9872504066242791,-0.33480445170447959,0.9651988010635888,99.086416126562227,0.40881411935863765,-0.96914555048570117
