hlr_1,e2_1,x0_1,flux_1,e1_1,y0_1
1.0366279367003424,-0.33525861639139887,1.0541884549033727,98.606650798954377,0.35431442304372851,-1.0198555795005357
