hlr_1,e2_1,x0_1,flux_1,e1_1,y0_1
0.99646017298003353,-0.33125077199251951,1.0070395358164772,99.333668288509557,0.36404517863748809,-0.99536283015591254
