hlr_1,e2_1,x0_1,flux_1,e1_1,y0_1
0.98949487736818065,-0.27672882341617538,1.0070425449844906,99.166897545385126,0.38632085674386829,-1.0253671149213792
