hlr_1,e2_1,x0_1,flux_1,e1_1,y0_1
0.99163086118581489,-0.25344437658360697,1.0154368183073892,98.36482294760971,0.39132386681481646,-0.98051255511951219
