hlr_1,e2_1,x0_1,flux_1,e1_1,y0_1
0.97800379658055747,-0.28083525023821582,1.0283441155520281,95.333050859631953,0.38949447291246275,-1.0294190593975041
