hlr_1,e2_1,x0_1,flux_1,e1_1,y0_1
0.99507539702523928,-0.35583124670702732,0.99049056886213371,99.771275106654386,0.40561594829371983,-0.99125053228588023
