hlr_1,e2_1,x0_1,flux_1,e1_1,y0_1
1.0057912197277163,-0.30957518818958651,0.96938754679070094,99.616297641965261,0.4152432904216794,-0.96413862279975326
