hlr_1,e2_1,x0_1,flux_1,e1_1,y0_1
1.0358885372058073,-0.2745315403069527,1.0213971656345677,100.85702848855605,0.43940411615726482,-1.01744848001043
