hlr_1,e2_1,x0_1,flux_1,e1_1,y0_1
0.98735765803572506,-0.34281408661011403,0.98776315262329817,100.65643312945913,0.34783591495505828,-1.0059022271162048
