hlr_1,e2_1,x0_1,flux_1,e1_1,y0_1
1.020119661082298,-0.28223645397082436,1.0420840520733572,102.17298340681135,0.35612404648608975,-1.0442139676624613
