hlr_1,e2_1,x0_1,flux_1,e1_1,y0_1
1.0325664282225855,-0.32910027883449078,1.0074449868520272,100.1301437324064,0.44843584632594302,-0.99667167786697064
