hlr_1,e2_1,x0_1,flux_1,e1_1,y0_1
0.97662677513271712,-0.28231250255350049,0.99123397643109623,95.467014354067274,0.42182511482919383,-0.99198671349833756
