hlr_1,e2_1,x0_1,flux_1,e1_1,y0_1
0.99330459649287239,-0.27580198271785417,0.97166854371389011,101.87681839686159,0.44280564797153543,-0.98399052175295987
