hlr_1,e2_1,x0_1,flux_1,e1_1,y0_1
0.97697376736076413,-0.33989007545759142,1.0171675461631287,98.474209661561943,0.32650671699559508,-1.0206186501936596
