hlr_1,e2_1,x0_1,flux_1,e1_1,y0_1
0.98654789576990254,-0.33888165846479729,1.0221159955097816,95.632838570600853,0.3474491154073216,-1.0007799869559655
