hlr_1,e2_1,x0_1,flux_1,e1_1,y0_1
0.99595693586789902,-0.27644300426179885,1.0325102925638667,100.65169850815795,0.39555361151188229,-1.005338253042142
