hlr_1,e2_1,x0_1,flux_1,e1_1,y0_1
1.0175877126139303,-0.28398279186380154,1.0087289158135766,99.183388652043774,0.36966232013363087,-0.99125376955110944
