hlr_1,e2_1,x0_1,flux_1,e1_1,y0_1
1.0631996166301918,-0.29961755519654992,1.0044272280992024,109.33981769779733,0.40145493734448801,-0.97389573681788022
