hlr_1,e2_1,x0_1,flux_1,e1_1,y0_1
1.0108671366190993,-0.29361585033478732,0.99401093472209734,102.21276007443795,0.37271680253469919,-0.99518659558598976
