hlr_1,e2_1,x0_1,flux_1,e1_1,y0_1
0.97170803403712513,-0.28613961873769861,0.95199739748247136,97.139736987742481,0.34533218829632828,-0.99558418531041326
