hlr_1,e2_1,x0_1,flux_1,e1_1,y0_1
0.99341458913978387,-0.28123342330968992,0.99508966194006643,99.28060688390174,0.40529636248915946,-0.95648690021927329
