hlr_1,e2_1,x0_1,flux_1,e1_1,y0_1
1.0092172077733204,-0.27482449186258451,1.0100085418031117,103.02315509716907,0.42499103006530992,-0.99298915889683892
