hlr_1,e2_1,x0_1,flux_1,e1_1,y0_1
1.0110279531481843,-0.33551570611510939,1.0363093378173893,101.46251276389079,0.43681863746663652,-0.99769374291045709
