hlr_1,e2_1,x0_1,flux_1,e1_1,y0_1
1.0072092174430036,-0.28034861246809711,1.0262319740658006,100.87574229281486,0.407632423484378,-1.0194534620346563
