hlr_1,e2_1,x0_1,flux_1,e1_1,y0_1
0.98705655317726837,-0.26968980359379169,0.99221458297699971,101.45235609976709,0.40383678244382026,-1.0147401940795011
