hlr_1,e2_1,x0_1,flux_1,e1_1,y0_1
1.0068093105750564,-0.26697720967412158,0.97517613628337507,101.25883868870028,0.40631883062987795,-1.0215974659199594
