hlr_1,e2_1,x0_1,flux_1,e1_1,y0_1
0.98169970020974273,-0.30515138014487936,1.0017243647711318,97.723585478150312,0.45289159258946077,-0.98167497750301491
