hlr_1,e2_1,x0_1,flux_1,e1_1,y0_1
1.0247228487655362,-0.35207195332432445,1.0368925505176838,104.47601693114493,0.40457729365494099,-1.0058552435238499
