hlr_1,e2_1,x0_1,flux_1,e1_1,y0_1
1.0131691128889058,-0.28107877762440864,1.0086641037398492,101.80651707249805,0.39556841860408665,-0.97306139446841788
