hlr_1,e2_1,x0_1,flux_1,e1_1,y0_1
1.0167323706163742,-0.28988449671892613,0.99129846035679048,102.80555357743822,0.41183815994489748,-0.97843404400267708
