hlr_1,e2_1,x0_1,flux_1,e1_1,y0_1
0.99305888233802619,-0.28858256659096554,0.94541961372221373,96.243282170195457,0.41110732684868734,-0.99761698362814055
