hlr_1,e2_1,x0_1,flux_1,e1_1,y0_1
0.97310423212389852,-0.30777578530165128,0.98121038758077628,98.542869242040808,0.42972845828916117,-0.98252556688160242
