hlr_1,e2_1,x0_1,flux_1,e1_1,y0_1
1.0018236958114923,-0.31618882118331332,1.0267340445534634,101.5898856427383,0.40601188494874951,-0.98627513932026911
