hlr_1,e2_1,x0_1,flux_1,e1_1,y0_1
1.0050839720446509,-0.31727904649568078,0.95878578702869799,99.96427378615823,0.44935062194452025,-0.98196231377883292
