hlr_1,e2_1,x0_1,flux_1,e1_1,y0_1
0.99043868252059286,-0.2659462536000563,1.0383672890187539,96.807948141296364,0.41947017350781213,-1.0323064501925083
