hlr_1,e2_1,x0_1,flux_1,e1_1,y0_1
0.99030115234420935,-0.33429401359517535,1.0169101706068,96.679064782450595,0.39118882851078518,-1.0323738757570093
