hlr_1,e2_1,x0_1,flux_1,e1_1,y0_1
0.99089782800901238,-0.29734639087547565,1.0251218900852637,97.809701014551038,0.37192673155266354,-0.98026086249303468
