hlr_1,e2_1,x0_1,flux_1,e1_1,y0_1
1.0091850379483622,-0.30523462746400343,1.0218294062225484,98.589471102621303,0.41338440650464925,-1.009011278322955
