hlr_1,e2_1,x0_1,flux_1,e1_1,y0_1
1.0048784768599401,-0.26799993520957982,1.0064083606613377,102.88776670142703,0.41586696747260787,-1.0141754802624368
