hlr_1,e2_1,x0_1,flux_1,e1_1,y0_1
0.99203318256162731,-0.32881816522178836,0.97541770317946952,96.808854037664602,0.330912994811279,-0.98605826711896771
