hlr_1,e2_1,x0_1,flux_1,e1_1,y0_1
1.0098584554473722,-0.29887351290139258,0.97850515779071223,100.57123307535203,0.40004451146371789,-0.98901657994239756
