hlr_1,e2_1,x0_1,flux_1,e1_1,y0_1
0.98494595958989972,-0.32125871321165134,1.018913207196583,99.175409016614381,0.3944220253403814,-1.03859106750736
