hlr_1,e2_1,x0_1,flux_1,e1_1,y0_1
0.97411693002673538,-0.30093456859048151,0.98384222048376024,97.141356651805097,0.34068669578473632,-0.99303920991548988
