hlr_1,e2_1,x0_1,flux_1,e1_1,y0_1
0.99520398189677706,-0.26845466175269866,0.98740097250263759,100.94037569356414,0.38051689470286676,-0.9913074412156031
