hlr_1,e2_1,x0_1,flux_1,e1_1,y0_1
0.9958750358920041,-0.3488159961185594,0.99552506539506069,100.53599967060646,0.37345346450763839,-1.0059622697130184
