hlr_1,e2_1,x0_1,flux_1,e1_1,y0_1
0.978767624057157,-0.31382472924371274,0.98837471557162093,97.574509455449302,0.43273545039405392,-0.97477596488523588
