hlr_1,e2_1,x0_1,flux_1,e1_1,y0_1
1.0225998156321952,-0.32000280265627146,1.0436386654610885,103.4045020408996,0.42818407404710035,-0.99469230729874347
