hlr_1,e2_1,x0_1,flux_1,e1_1,y0_1
1.0218207202828942,-0.24953285699357974,1.0195139106975324,100.49920924614024,0.43046025928502907,-0.97547798202540292
