hlr_1,e2_1,x0_1,flux_1,e1_1,y0_1
0.99652120907767072,-0.31984730176822951,1.0306507764508543,97.627840317757773,0.37141623735665763,-1.0022095712520884
