hlr_1,e2_1,x0_1,flux_1,e1_1,y0_1
0.95992553981538609,-0.34708454221523544,0.97326689404863576,95.797509681354427,0.40978856667495411,-0.97597486363681218
