hlr_1,e2_1,x0_1,flux_1,e1_1,y0_1
0.9746462815639918,-0.27459005317733887,1.0155910189946793,97.609519451488055,0.40369974116216745,-1.0029063544313739
