hlr_1,e2_1,x0_1,flux_1,e1_1,y0_1
0.97406657884437009,-0.31338403567450462,0.9960338166563556,97.824968616957989,0.45844101034833207,-1.0094713001468167
