hlr_1,e2_1,x0_1,flux_1,e1_1,y0_1
1.0218527646820563,-0.28283617582457427,1.0189427200206822,102.04291128778783,0.44022715349598585,-1.0203289934517765
