hlr_1,e2_1,x0_1,flux_1,e1_1,y0_1
1.0032953255360835,-0.28440442323483994,0.97715573471088568,99.850148696193358,0.44559537535809124,-1.0074936828770547
