hlr_1,e2_1,x0_1,flux_1,e1_1,y0_1
0.98323291273432445,-0.28933280972628084,1.0158668588701456,96.839346743970879,0.39816995493111484,-1.0301971248947188
