hlr_1,e2_1,x0_1,flux_1,e1_1,y0_1
0.97791366008798408,-0.33408355752881025,0.95732246494013928,97.384265864258595,0.42581872793586695,-1.0179920173095405
