hlr_1,e2_1,x0_1,flux_1,e1_1,y0_1
0.97271033713164323,-0.29144584330982193,1.0032655812204965,98.385206588370963,0.38907951689679354,-1.0150531242705183
