hlr_1,e2_1,x0_1,flux_1,e1_1,y0_1
0.98075302796683839,-0.3767338812896992,0.99936256580248362,101.04741026101762,0.43808357593155756,-1.0233276506274396
