hlr_1,e2_1,x0_1,flux_1,e1_1,y0_1
1.0262545902192763,-0.27085002197889246,1.013474228502254,105.78922696536904,0.3909203110007351,-1.0019869476246543
