hlr_1,e2_1,x0_1,flux_1,e1_1,y0_1
0.97710651337437326,-0.29929024465300597,0.97111937908044599,96.453199686348057,0.34280122824192927,-0.9978570135698166
