hlr_1,e2_1,x0_1,flux_1,e1_1,y0_1
0.98482942462555711,-0.30868751477325174,0.9960989652272989,99.967199751479114,0.39613183162865573,-1.0087404715114237
