hlr_1,e2_1,x0_1,flux_1,e1_1,y0_1
1.0100873085260189,-0.32563897856246699,1.0356188971269606,99.837564284055901,0.38125009552454725,-1.0296121282769568
