hlr_1,e2_1,x0_1,flux_1,e1_1,y0_1
1.0156077228997806,-0.347277181469069,0.99207374745027543,104.25944098563099,0.41096684936128947,-1.0131409755688328
