hlr_1,e2_1,x0_1,flux_1,e1_1,y0_1
0.99335877044309084,-0.37512035909158731,1.0525198230070147,96.236801821578425,0.33675389821542345,-0.98255863719019665
