hlr_1,e2_1,x0_1,flux_1,e1_1,y0_1
0.99158167342474024,-0.27509138205168504,1.0011861649242029,97.415710104392033,0.42312795853905238,-0.98841619297150762
