hlr_1,e2_1,x0_1,flux_1,e1_1,y0_1
1.0075754034031665,-0.25274466445997262,1.0362051821650429,100.5627810243746,0.41046411868261945,-1.0441625389786831
