hlr_1,e2_1,x0_1,flux_1,e1_1,y0_1
1.0316481649039337,-0.26494510191116571,0.96949300595065147,103.81857149430321,0.41880936354522036,-0.98332084155682331
