hlr_1,e2_1,x0_1,flux_1,e1_1,y0_1
0.99627729379973573,-0.30118824997280624,0.9657270940318492,98.312545265274338,0.390580232299786,-0.99631873108565916
