hlr_1,e2_1,x0_1,flux_1,e1_1,y0_1
0.99523431776989835,-0.26167283479827358,1.0313514421761338,98.250783935136511,0.40733370067567543,-0.99953385730331545
