hlr_1,e2_1,x0_1,flux_1,e1_1,y0_1
1.0084026580126904,-0.31761311665839398,0.98750021787337339,100.36242021008354,0.38103622191570996,-0.98881938392413415
