hlr_1,e2_1,x0_1,flux_1,e1_1,y0_1
1.0041755878823957,-0.27832120967455437,1.014760762482771,100.35080129263294,0.39871795768497309,-1.0073755392067789
