hlr_1,e2_1,x0_1,flux_1,e1_1,y0_1
0.99173064037771819,-0.2943423302438124,1.0171713798123525,99.857353576006204,0.39158574856183481,-0.996783665887091
