hlr_1,e2_1,x0_1,flux_1,e1_1,y0_1
0.98691207240495626,-0.24521603169096556,1.0029629957289803,98.899220630059489,0.42452689347419548,-1.0005928369415273
