hlr_1,e2_1,x0_1,flux_1,e1_1,y0_1
1.0236136330614478,-0.2783255774307255,0.97388013934004736,100.60127107796495,0.42887227049998189,-1.0169534884695257
