hlr_1,e2_1,x0_1,flux_1,e1_1,y0_1
1.0067010136325902,-0.29102785742880627,1.0288649452917147,102.25464766639715,0.40997879222805933,-1.0272019190381187
