hlr_1,e2_1,x0_1,flux_1,e1_1,y0_1
0.99935298214237944,-0.34429903562895037,0.96145211823466603,99.897617766279922,0.35522384832764331,-1.0165467249701798
