hlr_1,e2_1,x0_1,flux_1,e1_1,y0_1
0.97267969206106208,-0.28389888353635717,1.0443993896803248,97.809571366762214,0.4103057752587207,-1.006803635119196
