hlr_1,e2_1,x0_1,flux_1,e1_1,y0_1
1.0023397113817687,-0.23741467285627899,1.0196561611319543,102.14565296264283,0.44353198137882499,-1.0158238965854141
