hlr_1,e2_1,x0_1,flux_1,e1_1,y0_1
1.0165709420495022,-0.32228349569821435,1.016392258910046,102.66544575276357,0.41376082345035292,-1.015472916953414
