hlr_1,e2_1,x0_1,flux_1,e1_1,y0_1
0.99925460849135272,-0.28917734584852117,1.010436530375264,103.28049488780495,0.39471182045588149,-0.96629210280075561
