hlr_1,e2_1,x0_1,flux_1,e1_1,y0_1
0.95175875893303608,-0.33141008672426236,0.95971613983993898,93.949460514034101,0.428133402276903,-0.9292361158845126
