hlr_1,e2_1,x0_1,flux_1,e1_1,y0_1
1.0035790857555504,-0.31325678776600707,0.95879617857359634,102.34827818125819,0.43082499556142362,-0.99384451240749172
