hlr_1,e2_1,x0_1,flux_1,e1_1,y0_1
1.0484749435443557,-0.30830906279500808,1.0300708606596025,103.66049357830147,0.42523611338733436,-1.0111276318254721
