hlr_1,e2_1,x0_1,flux_1,e1_1,y0_1
1.030737512791835,-0.30475545816702315,1.0165618286945817,101.72936581456298,0.36952120167057689,-0.9568765810382267
