hlr_1,e2_1,x0_1,flux_1,e1_1,y0_1
1.0290370680675696,-0.24403162862442423,1.0128724303649905,103.27098943137128,0.4751115991863164,-1.0063649046399945
