hlr_1,e2_1,x0_1,flux_1,e1_1,y0_1
1.0108392505773303,-0.30212670464690106,1.0393404545845897,99.484757844104152,0.41550490720176958,-1.0156289353761712
