hlr_1,e2_1,x0_1,flux_1,e1_1,y0_1
1.0034363750459696,-0.28494262221786565,1.0228611613730383,99.728749962955021,0.43692294715152435,-1.0080956005543165
