hlr_1,e2_1,x0_1,flux_1,e1_1,y0_1
0.96127092133818315,-0.2899870719925205,1.0181659271199601,96.141906588136663,0.39182076157173662,-1.0304854327137969
