hlr_1,e2_1,x0_1,flux_1,e1_1,y0_1
0.99821767446359266,-0.27733181826835496,1.0179238237138568,99.114885543192401,0.39880207144836488,-1.0053435031556393
