hlr_1,e2_1,x0_1,flux_1,e1_1,y0_1
0.99698121650048543,-0.30329012049078258,1.0290356114444394,100.01758841196009,0.35923178177996951,-0.98555542673952257
