hlr_1,e2_1,x0_1,flux_1,e1_1,y0_1
1.0037988659021488,-0.32969558349599698,1.0190729892067889,102.48547605586205,0.37864919070446668,-1.0141937212890033
