hlr_1,e2_1,x0_1,flux_1,e1_1,y0_1
1.0049767571925279,-0.33005709138519257,1.0131380378824959,98.11132331962618,0.40358615909169937,-0.99617033738744443
