hlr_1,e2_1,x0_1,flux_1,e1_1,y0_1
1.0337089569783755,-0.27972417672669248,1.0152764943036958,104.85406646724709,0.39115979080002061,-1.0241066377140049
