hlr_1,e2_1,x0_1,flux_1,e1_1,y0_1
0.98460921812534563,-0.2777720032672561,0.99831260502301955,98.333431348177228,0.43539525067908547,-1.0000986301240373
