hlr_1,e2_1,x0_1,flux_1,e1_1,y0_1
0.98176935229381979,-0.33288607782116902,1.0294268963362683,95.479561507356991,0.39122350527154603,-1.0167022831766674
