hlr_1,e2_1,x0_1,flux_1,e1_1,y0_1
1.0100463056465161,-0.33633249486809003,1.0042974607528476,100.15502304143887,0.35882955110135151,-1.0011648769479802
