hlr_1,e2_1,x0_1,flux_1,e1_1,y0_1
1.0273963323223949,-0.29388267732513756,1.0079150479621193,99.330374921477016,0.33687485748630275,-1.0004495225406815
