hlr_1,e2_1,x0_1,flux_1,e1_1,y0_1
1.0077671195410294,-0.33977568622689519,1.0029267389580419,102.50062835075836,0.35375435968867897,-1.0112556607492036
