hlr_1,e2_1,x0_1,flux_1,e1_1,y0_1
0.98009120917280312,-0.31100954105177614,1.02536444839971,98.537159443390834,0.4175472856351341,-1.0358933759727602
