hlr_1,e2_1,x0_1,flux_1,e1_1,y0_1
1.0224873406920088,-0.31445262114516709,0.9749005695763806,103.92279846784101,0.36383174811584729,-1.0201247266372913
