hlr_1,e2_1,x0_1,flux_1,e1_1,y0_1
0.96510989871831709,-0.29018817991210549,0.99450986396636498,97.438092160041577,0.40917636278799674,-1.0042816095942864
