hlr_1,e2_1,x0_1,flux_1,e1_1,y0_1
1.0352432325198806,-0.22482628931531917,1.0037411941153591,101.33877100911468,0.42232482428788343,-1.0014744938936713
