hlr_1,e2_1,x0_1,flux_1,e1_1,y0_1
0.99395544953609005,-0.30611153623042281,1.046064922149883,96.452600046274341,0.4044553142748657,-1.0098951460042498
