hlr_1,e2_1,x0_1,flux_1,e1_1,y0_1
1.0259110435218091,-0.32080248487653773,0.98549599935445009,101.97546038542643,0.42254293763356143,-1.0185396278274901
