hlr_1,e2_1,x0_1,flux_1,e1_1,y0_1
0.98476907523381918,-0.28470343187319558,1.0231076930254721,98.347915518761852,0.42547233236696069,-1.0143446012268775
