hlr_1,e2_1,x0_1,flux_1,e1_1,y0_1
1.0461038004441754,-0.25598717026319395,0.99548850513729104,102.94283481532524,0.42371594027373849,-1.004183959913906
