hlr_1,e2_1,x0_1,flux_1,e1_1,y0_1
1.0372088794710672,-0.31529167227200761,0.96389851674519811,104.20157520887729,0.33894713945819754,-0.98665778586829589
