hlr_1,e2_1,x0_1,flux_1,e1_1,y0_1
1.0305809437645372,-0.31696185882538425,1.0089701008770691,104.65308053948259,0.40110151357367152,-0.97024941349777327
