hlr_1,e2_1,x0_1,flux_1,e1_1,y0_1
1.001638198821182,-0.27313815601163294,1.0516297601206253,100.3416185228146,0.39289842562324173,-1.0047708281899492
