hlr_1,e2_1,x0_1,flux_1,e1_1,y0_1
0.99456796017657401,-0.31615888794360514,1.0026998031304757,99.339540322392551,0.42366682280517143,-0.94669624218179127
