hlr_1,e2_1,x0_1,flux_1,e1_1,y0_1
1.0121906349207102,-0.31135964192132326,0.98304419150454425,103.84135211058027,0.43324942468452621,-0.9762808461768957
