hlr_1,e2_1,x0_1,flux_1,e1_1,y0_1
0.9709905854301597,-0.28143283520248102,1.0351362415282503,100.1744971153807,0.38589275950850022,-0.99882894894149254
