hlr_1,e2_1,x0_1,flux_1,e1_1,y0_1
1.0097386119208016,-0.32866801151456815,0.98534132667013541,101.53497946722382,0.4447476230085543,-0.97077129393294426
