hlr_1,e2_1,x0_1,flux_1,e1_1,y0_1
1.0080489835636168,-0.27891300012208747,0.9662992556701111,102.73293075030907,0.31284119021607504,-0.97367588245550962
