hlr_1,e2_1,x0_1,flux_1,e1_1,y0_1
1.0034574134212733,-0.30589331358756033,0.97545590776551538,102.10049750477653,0.42108255681363627,-0.99352326317980655
