hlr_1,e2_1,x0_1,flux_1,e1_1,y0_1
1.0102304018023429,-0.33236285573982516,1.0224863613252406,100.93857638527327,0.3982729288806206,-0.99078782602255266
