hlr_1,e2_1,x0_1,flux_1,e1_1,y0_1
1.0103415892477816,-0.28883610157114104,1.014342556900746,98.050625697000257,0.39965613422724311,-1.0026952905310296
