hlr_1,e2_1,x0_1,flux_1,e1_1,y0_1
1.0105009278601189,-0.32243493242661803,0.95321073580761517,102.21067969393322,0.39111311371486956,-0.99364879987448163
