hlr_1,e2_1,x0_1,flux_1,e1_1,y0_1
0.99212493479534358,-0.30306253806013395,0.94811689312955139,98.578894945553898,0.38926850381484446,-0.9749886093546718
