hlr_1,e2_1,x0_1,flux_1,e1_1,y0_1
0.98809614931301581,-0.32307262976573559,1.020528224379583,98.08634939478155,0.39818126009113541,-0.99347208223744543
