hlr_1,e2_1,x0_1,flux_1,e1_1,y0_1
1.0280760448766788,-0.25170458171555438,1.0153811284849095,101.47907572731546,0.3908461647260455,-1.0259137987724198
