hlr_1,e2_1,x0_1,flux_1,e1_1,y0_1
1.0049878703022506,-0.30480792468636958,1.0050986141924385,100.69107427206426,0.46935415638789713,-1.0236504449345216
