hlr_1,e2_1,x0_1,flux_1,e1_1,y0_1
0.99264239181216496,-0.27515985879469229,1.0136091070208799,99.153034044630516,0.38070934669259793,-0.99652804228188074
