hlr_1,e2_1,x0_1,flux_1,e1_1,y0_1
0.96728126528129299,-0.28555420973364343,0.98412150269850862,96.899367684135797,0.44048015060817836,-1.002416781868253
