hlr_1,e2_1,x0_1,flux_1,e1_1,y0_1
1.0237407428775942,-0.32219342335456591,1.0343547784707772,102.78316454992409,0.42033170418941945,-1.0118670494886293
