hlr_1,e2_1,x0_1,flux_1,e1_1,y0_1
0.99488817286863429,-0.28357482825415115,0.9929686462219367,97.900837353729159,0.43557114157343158,-0.99312861012259113
