hlr_1,e2_1,x0_1,flux_1,e1_1,y0_1
1.0181968709658236,-0.28211975385683075,0.9911503225932039,101.84306797725164,0.45189381682443619,-0.99934085265596062
