hlr_1,e2_1,x0_1,flux_1,e1_1,y0_1
1.0261797031359579,-0.26441747891286016,0.98713387509239858,99.935965789475844,0.34047763102553597,-1.0111280698165714
