hlr_1,e2_1,x0_1,flux_1,e1_1,y0_1
0.99463742585866521,-0.34109028826163496,1.0039617782946726,98.65053464996447,0.37052907519706513,-1.0088098356973503
