hlr_1,e2_1,x0_1,flux_1,e1_1,y0_1
1.0059764332325432,-0.26021047882652121,0.97500025390752487,101.77322660933703,0.44275081061172372,-0.98011681013223484
