hlr_1,e2_1,x0_1,flux_1,e1_1,y0_1
1.016081527977065,-0.30903654692680171,1.0128705099579616,101.58791834320803,0.39937621596572748,-1.0079030327142529
