hlr_1,e2_1,x0_1,flux_1,e1_1,y0_1
1.0024131049775464,-0.2809944551008009,0.99118849204886939,99.456672814461044,0.40300260318191405,-0.9705347979679364
