hlr_1,e2_1,x0_1,flux_1,e1_1,y0_1
1.0070402777899314,-0.28582392809683316,0.95146255612261044,100.34360366188969,0.39283375665045095,-1.01044603690878
