hlr_1,e2_1,x0_1,flux_1,e1_1,y0_1
0.99398125959222061,-0.28942923377095708,1.0100156990902152,99.393276768165919,0.42881794785287441,-0.99100003174831564
