hlr_1,e2_1,x0_1,flux_1,e1_1,y0_1
1.0027913268282957,-0.28504153837974355,0.98927106925949104,102.60735768781923,0.42363960253801825,-1.0025850943071597
