hlr_1,e2_1,x0_1,flux_1,e1_1,y0_1
1.0248933251473238,-0.33533652376008238,0.95676236367281042,103.27795341006006,0.38729168834211292,-0.98788637190959161
