hlr_1,e2_1,x0_1,flux_1,e1_1,y0_1
0.9676689784608925,-0.32886883151715102,0.89880189594355553,95.324900607160998,0.40507044849055096,-0.94651477398081241
