hlr_1,e2_1,x0_1,flux_1,e1_1,y0_1
1.0151587569236979,-0.26544039320247059,0.98942453761554017,103.00001295575143,0.38298323704022064,-0.98539514005908968
