hlr_1,e2_1,x0_1,flux_1,e1_1,y0_1
0.98559158126562596,-0.30204167239913743,1.0077974396359624,98.856437577083327,0.41036645852757592,-0.99657785730370518
