hlr_1,e2_1,x0_1,flux_1,e1_1,y0_1
0.99985516228817795,-0.33323564038939302,1.0094958387167869,100.5518191937267,0.4198881664885028,-1.0068650748650732
