hlr_1,e2_1,x0_1,flux_1,e1_1,y0_1
0.98932460775734987,-0.31405710423536431,1.0085792775240039,100.51075984183475,0.45885771591541014,-1.0104646011753293
