hlr_1,e2_1,x0_1,flux_1,e1_1,y0_1
1.0155826334587812,-0.2887154801601704,0.93708116277096476,101.65910087198867,0.41223460568096471,-1.0074841922156796
