hlr_1,e2_1,x0_1,flux_1,e1_1,y0_1
1.0031482753594929,-0.25062623201136586,0.9957874809467695,100.54580018081847,0.34115247547566629,-0.98697162043395803
