hlr_1,e2_1,x0_1,flux_1,e1_1,y0_1
0.99265022263436609,-0.31321555172712884,0.97095963188296519,101.32154117824739,0.42619161805690076,-1.0089038897392459
