hlr_1,e2_1,x0_1,flux_1,e1_1,y0_1
0.98165272213516408,-0.27175838310878925,0.96040496994764446,98.50506069789391,0.43071985931626511,-1.0082044303522992
