hlr_1,e2_1,x0_1,flux_1,e1_1,y0_1
0.99514569236864592,-0.27952628503279736,1.0047901784549875,99.753233034881873,0.38574940351604714,-1.0045158125332234
