hlr_1,e2_1,x0_1,flux_1,e1_1,y0_1
1.0048245798069044,-0.29812027117676904,1.0150585889876078,99.490674470008599,0.37469892733931021,-1.0136746677236506
