hlr_1,e2_1,x0_1,flux_1,e1_1,y0_1
1.0416183560455705,-0.25700238346575072,0.99828882406890429,106.38584385864719,0.37595511660005942,-0.97828124664558391
