hlr_1,e2_1,x0_1,flux_1,e1_1,y0_1
0.99671864609125982,-0.26160009468005979,0.99152050730751728,103.35193793551539,0.32372645220469698,-1.0121055409214903
