hlr_1,e2_1,x0_1,flux_1,e1_1,y0_1
0.98933658779942557,-0.28632636144439494,1.0107066715914739,97.702280467237173,0.41994642058425713,-1.01469025855826
