hlr_1,e2_1,x0_1,flux_1,e1_1,y0_1
0.98463021854285926,-0.2437012269111038,1.0049645039085844,95.214123862111919,0.3645737137759566,-1.0011826750963801
