hlr_1,e2_1,x0_1,flux_1,e1_1,y0_1
0.9651503939985504,-0.29524889076929595,0.97677308061046908,98.20117947451503,0.38077011846228492,-1.0373772148307232
