hlr_1,e2_1,x0_1,flux_1,e1_1,y0_1
0.99470715822481104,-0.35523175127141537,0.99818909579991821,100.43499039879363,0.33540918252342999,-0.99661954096118954
