hlr_1,e2_1,x0_1,flux_1,e1_1,y0_1
1.0058861641646262,-0.29614413451686417,0.97847148013447605,103.71075947725355,0.35220555028667833,-1.021926808886509
