hlr_1,e2_1,x0_1,flux_1,e1_1,y0_1
0.99018253380509669,-0.30217706672132738,0.97611934070457096,99.175681992095974,0.40173731938201551,-1.015239093780032
