hlr_1,e2_1,x0_1,flux_1,e1_1,y0_1
1.0475191740254726,-0.28473689743623143,0.99396168359236103,104.59944001657141,0.42351028812063762,-1.0179746697635919
