hlr_1,e2_1,x0_1,flux_1,e1_1,y0_1
0.9872587137183837,-0.32304882780903421,1.0114432158903108,98.076476078318507,0.39723541648730643,-1.0017283597648721
