hlr_1,e2_1,x0_1,flux_1,e1_1,y0_1
0.99355282374295029,-0.33519899919592244,1.0287683170244009,98.079790079091907,0.4172509207048265,-0.99053091115566483
