hlr_1,e2_1,x0_1,flux_1,e1_1,y0_1
0.98962165696942161,-0.28267482649727543,0.97611536873588634,98.088154368864565,0.4013356541287747,-0.97860234455319794
