hlr_1,e2_1,x0_1,flux_1,e1_1,y0_1
0.99197438354222434,-0.33056598922301456,0.98290286521136228,99.852005909296736,0.41447939270570933,-1.0030756104959697
