hlr_1,e2_1,x0_1,flux_1,e1_1,y0_1
1.0087398948325976,-0.31993060075318713,0.99049089319017547,98.774939273121845,0.40845168519901698,-1.0081763380992435
