hlr_1,e2_1,x0_1,flux_1,e1_1,y0_1
1.0194988191438883,-0.19780409324981352,0.9968521019512151,97.482988548781108,0.36949400716612724,-0.98632928030817801
