hlr_1,e2_1,x0_1,flux_1,e1_1,y0_1
0.98856757879981449,-0.30806737903417719,0.99787530757139553,98.615982091414708,0.39185088167405113,-1.0103513875249805
