hlr_1,e2_1,x0_1,flux_1,e1_1,y0_1
1.0203622712555567,-0.23527487146268045,0.98028615106509154,100.23141617293361,0.36635303141945741,-1.0017357163661917
