hlr_1,e2_1,x0_1,flux_1,e1_1,y0_1
0.97155906111460455,-0.29670803530507495,0.99452529712633808,97.706607208926201,0.42493924206962008,-0.98723581389224124
