hlr_1,e2_1,x0_1,flux_1,e1_1,y0_1
1.0028817940872687,-0.29635479631981204,1.0275238328224052,100.93728612707525,0.41689993220328581,-1.0146975684491815
