hlr_1,e2_1,x0_1,flux_1,e1_1,y0_1
1.0455161347745658,-0.23837239555107764,1.0042035457002383,103.53895075893809,0.38156727896222997,-1.0319044128218939
