hlr_1,e2_1,x0_1,flux_1,e1_1,y0_1
1.034584672949284,-0.35050335371144437,1.0332245581061121,104.78565351761601,0.41187495631389925,-1.0070145006363229
