hlr_1,e2_1,x0_1,flux_1,e1_1,y0_1
1.0229430682789311,-0.29613252336050999,1.0308106233029193,101.71861315570125,0.39133273334402086,-1.0356821251328423
