hlr_1,e2_1,x0_1,flux_1,e1_1,y0_1
1.0001002929817977,-0.32428154949986088,1.0248103407171625,99.475341235672758,0.4143884456418041,-1.0168755595946486
