hlr_1,e2_1,x0_1,flux_1,e1_1,y0_1
0.98894787419048114,-0.30601674721641708,0.99334206464656383,100.70491492458613,0.44036924137926348,-1.0229143790583142
