hlr_1,e2_1,x0_1,flux_1,e1_1,y0_1
0.97576819512263469,-0.28839299621728098,0.97699893370877167,97.034557932122226,0.40793528505936716,-0.98488677130926039
