hlr_1,e2_1,x0_1,flux_1,e1_1,y0_1
1.0014263071423515,-0.31933599125325651,1.0041034273187472,99.471616166208605,0.44052872720525715,-1.0043979306805322
