hlr_1,e2_1,x0_1,flux_1,e1_1,y0_1
1.0239249322010839,-0.26989915841723106,1.0120056355098397,101.0848348728357,0.44035168472232034,-0.99435499039845787
