hlr_1,e2_1,x0_1,flux_1,e1_1,y0_1
0.99735257871796623,-0.33884087038318955,1.0172828926275947,100.90839259390958,0.42587333928987547,-1.0033389992721764
