hlr_1,e2_1,x0_1,flux_1,e1_1,y0_1
0.98030863214813402,-0.33292569850960319,1.0197584339616776,100.43206541557834,0.39790695848682445,-1.0003156435793383
