hlr_1,e2_1,x0_1,flux_1,e1_1,y0_1
0.99657352298557367,-0.31181578756850953,1.0123087433944624,101.03729448522036,0.38627109941045434,-1.0090404489394214
