hlr_1,e2_1,x0_1,flux_1,e1_1,y0_1
1.020759760329486,-0.32186641455952769,1.0161395307872212,102.81834448018549,0.41574388813692909,-1.0140035153050899
