hlr_1,e2_1,x0_1,flux_1,e1_1,y0_1
1.0023997341448996,-0.31585165862871672,1.0273689587273056,100.45601532204917,0.40558498021409384,-1.0068225772864197
