hlr_1,e2_1,x0_1,flux_1,e1_1,y0_1
1.0166157431246239,-0.31084996748696053,1.0179394852344146,101.71171730840454,0.40775020345121349,-1.0021717986777343
