hlr_1,e2_1,x0_1,flux_1,e1_1,y0_1
1.0046975464483601,-0.27545062509169815,0.99181794497384779,101.2969249259387,0.45073386884876498,-0.98012196437278032
