hlr_1,e2_1,x0_1,flux_1,e1_1,y0_1
1.0178792836262627,-0.27799925144768195,1.0186533121340231,100.95427473323025,0.38168398789848923,-0.97906237098639259
