hlr_1,e2_1,x0_1,flux_1,e1_1,y0_1
0.98071077496555747,-0.32119938918174262,1.0635261828554485,98.371625917591601,0.41417975843422061,-1.0583863893157912
