hlr_1,e2_1,x0_1,flux_1,e1_1,y0_1
0.98825060124328767,-0.27051663651559632,1.0129880417470316,97.884456848254914,0.41391265836916369,-1.0004097272959633
