hlr_1,e2_1,x0_1,flux_1,e1_1,y0_1
0.97914094060516788,-0.2761921694013566,0.9796010429180475,98.454746217978624,0.42292955583955516,-0.98049631131628345
