hlr_1,e2_1,x0_1,flux_1,e1_1,y0_1
0.97986849824489419,-0.30094916560822288,0.99998336870663085,96.975880424708578,0.43586862135634008,-0.99914405048112398
