hlr_1,e2_1,x0_1,flux_1,e1_1,y0_1
1.0099184685244427,-0.2963430735384503,0.99951295696872844,102.89283915962081,0.41608446968416679,-0.99269818072183291
