hlr_1,e2_1,x0_1,flux_1,e1_1,y0_1
1.0093206151846386,-0.30944348244725389,1.023400740112737,99.17733777887878,0.35413151883053318,-0.96972725480885202
