hlr_1,e2_1,x0_1,flux_1,e1_1,y0_1
1.0287643673185247,-0.30657428642805917,1.008848335109799,103.17500870855739,0.39269738422101708,-1.0042614245893868
