hlr_1,e2_1,x0_1,flux_1,e1_1,y0_1
1.0123795704338594,-0.33887576851753953,0.9822174438777509,103.82037809616811,0.44066967330169704,-1.02089518961035
