hlr_1,e2_1,x0_1,flux_1,e1_1,y0_1
1.0108786835810286,-0.30310460741427314,0.97689247826613101,100.41065428095429,0.44751402838979426,-1.0238228120885826
