hlr_1,e2_1,x0_1,flux_1,e1_1,y0_1
0.98853814879822455,-0.23533893218747098,0.98757596210550247,101.65969188290619,0.46010767077842929,-0.99046482563773441
