hlr_1,e2_1,x0_1,flux_1,e1_1,y0_1
1.00528624440769,-0.34179843828500184,0.99339500549257398,99.504696801527373,0.39246232513094137,-1.0172673910584584
