hlr_1,e2_1,x0_1,flux_1,e1_1,y0_1
0.97688471760334061,-0.24151905178064603,1.0004835914680408,99.221368030071915,0.46548763654928149,-0.99691920788835464
