hlr_1,e2_1,x0_1,flux_1,e1_1,y0_1
0.98751695785828741,-0.35991309049409154,1.024173177304216,99.195049743140629,0.4228507281633036,-0.99503740920196382
