hlr_1,e2_1,x0_1,flux_1,e1_1,y0_1
1.0246287039856101,-0.29715969558365624,0.99279031775288562,100.39869210237548,0.3912806738574599,-0.98397683024300697
