hlr_1,e2_1,x0_1,flux_1,e1_1,y0_1
1.0079122989827365,-0.30759515337124355,1.0026582150311905,99.002947020157777,0.38015794871009367,-1.0106908199761175
