hlr_1,e2_1,x0_1,flux_1,e1_1,y0_1
1.0109006606379971,-0.26213221274354148,1.0419695840980756,100.91855314289596,0.35904756415221351,-1.0289058462008525
