hlr_1,e2_1,x0_1,flux_1,e1_1,y0_1
0.9988000735505036,-0.2916552576418408,1.0016356846828582,104.23896677521626,0.41166260514899888,-1.0033457993915333
