hlr_1,e2_1,x0_1,flux_1,e1_1,y0_1
1.0370036451890829,-0.29353052330953416,0.96953580771417247,103.44129302049117,0.36542924793730469,-1.0189291812953614
