hlr_1,e2_1,x0_1,flux_1,e1_1,y0_1
1.0140222228928493,-0.31895381089103808,1.0502236386068908,104.24241026326341,0.41300297040290435,-1.0015080880931495
