hlr_1,e2_1,x0_1,flux_1,e1_1,y0_1
0.97030282991683636,-0.31607079666838883,1.0096125387483879,97.883102863580234,0.37730003208998131,-1.0164262509737347
