hlr_1,e2_1,x0_1,flux_1,e1_1,y0_1
0.98920217417352152,-0.24433261092224734,1.0162701863962429,98.366863487696108,0.38488637178629403,-0.99595488894159967
