hlr_1,e2_1,x0_1,flux_1,e1_1,y0_1
0.99672636652018443,-0.31333836768998352,1.0749836681988683,102.66220790495984,0.4069393005255848,-0.99673112007642617
