hlr_1,e2_1,x0_1,flux_1,e1_1,y0_1
1.0020561604979146,-0.26345326693852211,0.99661433065077887,100.95171146889321,0.36510743846278326,-1.0205720431220096
