hlr_1,e2_1,x0_1,flux_1,e1_1,y0_1
1.0132318028638831,-0.2874461119557864,0.98324134685701825,101.57479649896527,0.45305455359383795,-0.9961165366107414
