hlr_1,e2_1,x0_1,flux_1,e1_1,y0_1
0.98925608340983073,-0.32355203612870898,1.0221042211375444,98.595628589088548,0.34579570659307879,-0.99521233074398774
