hlr_1,e2_1,x0_1,flux_1,e1_1,y0_1
0.96599696084347442,-0.30780200887294606,1.0225817433997992,99.035922822136214,0.36060826539892177,-0.99771418852836691
