hlr_1,e2_1,x0_1,flux_1,e1_1,y0_1
0.99665333800257749,-0.3099057741855098,1.0345252560479565,96.990772005294474,0.3786644708924487,-1.0075319467150252
