hlr_1,e2_1,x0_1,flux_1,e1_1,y0_1
1.0087274574163647,-0.26504667402358678,0.9669927946455843,102.77977268433609,0.39216630295015609,-0.97981021460995477
