hlr_1,e2_1,x0_1,flux_1,e1_1,y0_1
0.96251743868887862,-0.28634133556444596,0.97798669063692856,97.502386428810681,0.37935916353802845,-1.0063399493572112
