hlr_1,e2_1,x0_1,flux_1,e1_1,y0_1
0.95586771523876135,-0.26961274993417933,1.018754217894557,94.61684464356577,0.46210223587977528,-0.98112721298311412
