hlr_1,e2_1,x0_1,flux_1,e1_1,y0_1
0.99875043605967617,-0.25794965054697661,0.95082072306194121,103.22807757908788,0.33939687794550455,-0.96179337553674538
