hlr_1,e2_1,x0_1,flux_1,e1_1,y0_1
0.99977979476218382,-0.32291107280529496,0.99840322146764304,98.61090498635744,0.39485698924871482,-0.9904700302201106
