hlr_1,e2_1,x0_1,flux_1,e1_1,y0_1
0.98963129296926988,-0.30467713177191819,1.0015597896884172,100.44697455850475,0.42432088504222021,-1.0092382859104689
