hlr_1,e2_1,x0_1,flux_1,e1_1,y0_1
1.0096848829571288,-0.34355822043795725,0.99004812655544328,101.11489877678876,0.34957334624769265,-1.06009208573755
