hlr_1,e2_1,x0_1,flux_1,e1_1,y0_1
0.99084179940992856,-0.30920203135086527,1.0580584959971615,98.466685007660573,0.3574476049532771,-1.0161628533037033
