hlr_1,e2_1,x0_1,flux_1,e1_1,y0_1
1.0007407950285843,-0.36840233797720984,1.0074170723715401,100.47983176429884,0.3832367101108165,-1.0098858969174795
