hlr_1,e2_1,x0_1,flux_1,e1_1,y0_1
0.97802520705950369,-0.27838909974395748,1.0350064321548036,97.03426344970778,0.4439073680264658,-0.99528002400666615
