hlr_1,e2_1,x0_1,flux_1,e1_1,y0_1
1.0191931363310829,-0.30731524213432415,1.0220837697217355,102.28844842476713,0.37363664909353633,-0.98349166272644162
