hlr_1,e2_1,x0_1,flux_1,e1_1,y0_1
1.0028785268322613,-0.3035249064935634,1.0114038769022873,100.53045411465027,0.42999030945351335,-1.0356915258357411
