hlr_1,e2_1,x0_1,flux_1,e1_1,y0_1
0.99199779052325976,-0.29980180478645324,0.94831137684347677,97.07549884677681,0.43839974026472595,-0.9906351462165528
