hlr_1,e2_1,x0_1,flux_1,e1_1,y0_1
1.0096437220955363,-0.35114918542373108,1.0204719046334878,102.83941609765994,0.34387673251354656,-1.0267058277977537
