hlr_1,e2_1,x0_1,flux_1,e1_1,y0_1
1.0244753707778105,-0.30557061581003475,1.0290150644637812,99.053328787639103,0.40773872388983068,-1.0419039014195226
