hlr_1,e2_1,x0_1,flux_1,e1_1,y0_1
1.0203277828030433,-0.29758267103139008,0.97638662466114123,99.056660224737143,0.44357094972452082,-1.0101343603282209
