hlr_1,e2_1,x0_1,flux_1,e1_1,y0_1
1.0011781450232764,-0.26548012095739992,0.9956770135519406,100.17981725379842,0.40014588510591431,-0.99099492216862206
