hlr_1,e2_1,x0_1,flux_1,e1_1,y0_1
1.0212780334668339,-0.31309831155873824,0.99441204949115924,103.19481505849024,0.36743436180653011,-0.99477072775352227
