hlr_1,e2_1,x0_1,flux_1,e1_1,y0_1
1.0196702376243905,-0.26689900126887972,1.0160352753601574,102.81896252831912,0.45096206921947024,-1.0224401496451474
