hlr_1,e2_1,x0_1,flux_1,e1_1,y0_1
1.014103336335122,-0.2821376339444529,0.98037138751822628,101.10143577768815,0.40928629592441435,-0.99057497027397901
