hlr_1,e2_1,x0_1,flux_1,e1_1,y0_1
0.99546512724166969,-0.32782963553254008,0.98712177653305577,99.155181519532462,0.3510581627052145,-0.94121394273698256
