hlr_1,e2_1,x0_1,flux_1,e1_1,y0_1
1.0423651062833872,-0.32813146937545379,1.0103955187312526,102.09273937193946,0.37285919590346128,-1.000562786423115
