hlr_1,e2_1,x0_1,flux_1,e1_1,y0_1
1.0214288058243008,-0.29751866516508507,1.0255546449706481,101.47262381695987,0.41859463956581777,-0.99973941827661861
