hlr_1,e2_1,x0_1,flux_1,e1_1,y0_1
0.98513933495950701,-0.30209148051276719,1.0042220879589321,96.058907817720325,0.36198219016661759,-0.98567612523949943
