hlr_1,e2_1,x0_1,flux_1,e1_1,y0_1
0.98662810112796473,-0.30879599460844648,0.96541331576226064,99.340467207098087,0.4528911746750619,-0.98671128321359269
