hlr_1,e2_1,x0_1,flux_1,e1_1,y0_1
0.95008374151874087,-0.31458338018008442,0.97794345832010254,96.719586778090743,0.40019205972349559,-0.99686267151726238
