hlr_1,e2_1,x0_1,flux_1,e1_1,y0_1
1.0141301857483196,-0.30036148585695693,0.9836355832129966,103.13017695969629,0.42304690767173025,-0.99213961031375586
