hlr_1,e2_1,x0_1,flux_1,e1_1,y0_1
1.0098809944005631,-0.26006298680991652,0.99949841797244154,100.0233514906582,0.35834766260565609,-1.0161295018242158
