hlr_1,e2_1,x0_1,flux_1,e1_1,y0_1
0.97719638402653031,-0.28783134284444117,0.99439141282257193,93.908303756975073,0.40826778544965769,-0.99585387555943594
