hlr_1,e2_1,x0_1,flux_1,e1_1,y0_1
1.0094367033226321,-0.27060533879294796,0.94586636334462515,104.08467774089438,0.38791651384778003,-0.98917191692300532
