hlr_1,e2_1,x0_1,flux_1,e1_1,y0_1
1.0162208218303017,-0.2882096094561396,0.97649141572767206,103.96352486773154,0.32888411411970586,-1.0094044741672867
