hlr_1,e2_1,x0_1,flux_1,e1_1,y0_1
0.97711627769427434,-0.34772390404927411,0.99642705817249411,96.111906660149742,0.44641627118737337,-1.0027683647418613
