hlr_1,e2_1,x0_1,flux_1,e1_1,y0_1
1.0144551614015014,-0.32975742362074528,1.0473735911606132,103.55319070098973,0.42263013913335135,-1.0119485255017082
