hlr_1,e2_1,x0_1,flux_1,e1_1,y0_1
0.99313806837284346,-0.30575851935939591,0.97787194493818586,98.520199895375697,0.37339706422680319,-1.0012820225642129
