hlr_1,e2_1,x0_1,flux_1,e1_1,y0_1
1.0051411155791175,-0.32518517698182958,1.019958116647798,101.48710265720541,0.35074532376342082,-0.98713599922081485
