hlr_1,e2_1,x0_1,flux_1,e1_1,y0_1
1.0117617632980878,-0.33174406803740875,1.0102257033026687,100.72475703959633,0.35111934960763547,-0.97966816574785298
