hlr_1,e2_1,x0_1,flux_1,e1_1,y0_1
0.99732801306911045,-0.36510220677830552,0.9641899277997199,97.906971876464453,0.32489984440675568,-0.99636443318813672
