hlr_1,e2_1,x0_1,flux_1,e1_1,y0_1
1.0202136236161734,-0.31849782015348438,1.0311288880171947,101.83447269031056,0.43725042120898516,-1.0118452637955877
