hlr_1,e2_1,x0_1,flux_1,e1_1,y0_1
1.0294148782598067,-0.249008351950948,0.94823290394434068,99.890164769521235,0.35632556932888537,-0.99746654421227898
