hlr_1,e2_1,x0_1,flux_1,e1_1,y0_1
1.0083950012612783,-0.29046938164710651,1.0009663217755298,101.62555530015592,0.38813246075816998,-1.0108419523597663
