hlr_1,e2_1,x0_1,flux_1,e1_1,y0_1
1.0104722580438472,-0.25566574716202822,1.0099365257990716,101.64425949827346,0.40681907204834156,-0.96940234832807182
