hlr_1,e2_1,x0_1,flux_1,e1_1,y0_1
0.97380477785551611,-0.27567510011434943,1.0305319506194275,98.255083924459385,0.43869201938225455,-0.98925311408871686
