hlr_1,e2_1,x0_1,flux_1,e1_1,y0_1
1.0006780439145979,-0.30726871605682005,1.0260719418146298,99.437328485549358,0.37147807906785246,-1.0385112781905437
