hlr_1,e2_1,x0_1,flux_1,e1_1,y0_1
0.96836132272629571,-0.31353332390435079,0.99121911748687364,97.318022088678163,0.36221082811837291,-1.0114937488029745
