hlr_1,e2_1,x0_1,flux_1,e1_1,y0_1
0.97099212910005983,-0.32746124911621255,1.0175326553268489,98.175185429168081,0.36747704849329965,-1.0274265787362626
