hlr_1,e2_1,x0_1,flux_1,e1_1,y0_1
0.97850765666351092,-0.30237878219704994,0.97744494465461518,99.941668914942085,0.43414625353135117,-0.98541750674421902
