hlr_1,e2_1,x0_1,flux_1,e1_1,y0_1
1.0042865579348668,-0.28704930630335068,0.99091619489674709,97.259515413740615,0.39226124141948926,-0.99627931923026969
