hlr_1,e2_1,x0_1,flux_1,e1_1,y0_1
1.0104422069401857,-0.32978248655368081,0.99571532504471971,100.324382426387,0.41555176876734534,-0.97725400089337677
