hlr_1,e2_1,x0_1,flux_1,e1_1,y0_1
1.0172944853244723,-0.34212390484824035,1.0049363000927682,102.52191892622017,0.43164924113084058,-1.0205607130054308
