hlr_1,e2_1,x0_1,flux_1,e1_1,y0_1
0.99678414912010682,-0.22214547620930236,1.0028845657319501,97.516179923962454,0.42929913008390441,-1.0089608584979519
