hlr_1,e2_1,x0_1,flux_1,e1_1,y0_1
0.99788447050168894,-0.31062025820073752,1.0179331002391718,97.931989196840121,0.38617716434050897,-1.0239758747701395
