hlr_1,e2_1,x0_1,flux_1,e1_1,y0_1
0.9874478232613475,-0.27359657963424533,1.0339190030177727,100.07998660772301,0.43525246670605222,-0.99019943745999672
