hlr_1,e2_1,x0_1,flux_1,e1_1,y0_1
1.023734012173247,-0.32545408059758296,1.0077971394816325,104.09364350565457,0.36769255858040295,-1.0162201476186294
