hlr_1,e2_1,x0_1,flux_1,e1_1,y0_1
0.97335956672812274,-0.31781180028724992,1.0387590909046454,95.52548213995027,0.44433253212010682,-1.013050632853429
