hlr_1,e2_1,x0_1,flux_1,e1_1,y0_1
0.98132971089109189,-0.31212994903766839,1.0590519780393413,100.71338380201269,0.35105793537025387,-0.99210120058471318
