hlr_1,e2_1,x0_1,flux_1,e1_1,y0_1
1.0143585430206974,-0.28473843867056647,0.99967480615939319,103.17202768290834,0.42602626090343243,-0.98139416050575035
