hlr_1,e2_1,x0_1,flux_1,e1_1,y0_1
0.97972594465664642,-0.33794560788984185,1.0307938503067504,97.961196281754425,0.39765531381133767,-1.0283282852404669
