hlr_1,e2_1,x0_1,flux_1,e1_1,y0_1
1.0154234796967625,-0.31712479985630759,1.0103730222376148,102.36562810324287,0.39229427812538709,-1.0177194047751521
