hlr_1,e2_1,x0_1,flux_1,e1_1,y0_1
1.013721213279958,-0.30414601145713155,0.95558835716048929,102.10257784626037,0.35864477783658799,-0.97528519667339975
