hlr_1,e2_1,x0_1,flux_1,e1_1,y0_1
0.99779319570789693,-0.29878888303123996,1.0314784858048505,100.2027855404537,0.3947479907287319,-1.0017428587649198
