hlr_1,e2_1,x0_1,flux_1,e1_1,y0_1
0.97166054569343574,-0.32044068171302015,1.0002767830725476,93.37153585392565,0.40316361478835594,-1.0181075120604661
