hlr_1,e2_1,x0_1,flux_1,e1_1,y0_1
0.97934333132388551,-0.28535866655355702,0.98695789834406167,97.724602275923289,0.43348843388586822,-1.0056013300258093
