hlr_1,e2_1,x0_1,flux_1,e1_1,y0_1
1.0214062110668309,-0.2739400134687065,1.0042637631770885,99.614411598908745,0.3886086797917363,-0.97690187451711052
