hlr_1,e2_1,x0_1,flux_1,e1_1,y0_1
0.99304082435107932,-0.22714107381920673,1.0011000465455302,99.08633321457323,0.44767651377732021,-1.0191926580779258
