hlr_1,e2_1,x0_1,flux_1,e1_1,y0_1
0.9689850068924688,-0.30009536468698877,1.0095655517312547,99.891233699363084,0.38945536213158349,-0.99125336348696935
