hlr_1,e2_1,x0_1,flux_1,e1_1,y0_1
1.0144592630461795,-0.29528339429283063,1.0027916965524355,99.75312278958215,0.40929359289030187,-1.0102975273357409
