hlr_1,e2_1,x0_1,flux_1,e1_1,y0_1
1.0066363285649995,-0.28557233238920959,0.99707057748586347,100.1219051212901,0.41264982221213509,-1.0097078736248828
