hlr_1,e2_1,x0_1,flux_1,e1_1,y0_1
0.97944087757851772,-0.29219992597254074,0.98976538293717109,95.893525481203056,0.37821180957374567,-1.0089199968663927
