hlr_1,e2_1,x0_1,flux_1,e1_1,y0_1
1.0031455431325584,-0.26450819541801562,1.0263676330433693,98.300376564157403,0.43031977057238602,-1.0147653671445389
