hlr_1,e2_1,x0_1,flux_1,e1_1,y0_1
0.98540384896492306,-0.27443616068125321,1.0380890518160149,99.765478437565577,0.41689171475913045,-1.0065734466539218
