x0,y0,flux,hlr,e1,e2
1.9804048831202252,1.0040892459715365,98.722563209629797,1.0129679538313341,0.45131550658480912,0.29521840777707942
