x0,y0,flux,hlr,e1,e2
1.986719980460915,1.0169929088223533,96.742884107717387,0.99760368019271173,0.52829438890804092,0.29096789306665649
